brand,model,top_speed_kmh,battery_capacity_kWh,number_of_cells,torque_nm,efficiency_wh_per_km,range_km,acceleration_0_100_s,fast_charging_power_kw_dc,towing_capacity_kg,cargo_volume_l,seats,drivetrain,segment,length_mm,width_mm,height_mm,car_body_type,cells_missing_flag,footprint_m2,volume_m3,battery_per_seat,torque_per_100kwh,segment_group
Abarth,500e Convertible,155,37.8,192.0,235.0,156,225,7.0,67.0,0.0,185,4,FWD,B - Compact,3673,1683,1518,Hatchback,0,6.181659000000001,9.383758362000002,9.45,621.6931216931217,B
Abarth,500e Hatchback,155,37.8,192.0,235.0,149,225,7.0,67.0,0.0,185,4,FWD,B - Compact,3673,1683,1518,Hatchback,0,6.181659000000001,9.383758362000002,9.45,621.6931216931217,B
Abarth,600e Scorpionissima,200,50.8,102.0,345.0,158,280,5.9,79.0,0.0,360,5,FWD,JB - Compact,4187,1779,1557,SUV,0,7.448673,11.597583861,10.16,679.1338582677166,JB
Abarth,600e Turismo,200,50.8,102.0,345.0,158,280,6.2,79.0,0.0,360,5,FWD,JB - Compact,4187,1779,1557,SUV,0,7.448673,11.597583861,10.16,679.1338582677166,JB
Aiways,U5,150,60.0,,310.0,156,315,7.5,78.0,,496,5,FWD,JC - Medium,4680,1865,1700,SUV,1,8.7282,14.837939999999998,12.0,516.6666666666667,JC
Aiways,U6,160,60.0,,315.0,150,350,7.0,78.0,,472,5,FWD,JC - Medium,4805,1880,1641,SUV,1,9.033399999999999,14.823809399999998,12.0,525.0,JC
Alfa,Romeo Junior Elettrica 54 kWh,150,50.8,102.0,260.0,128,320,9.0,85.0,0.0,400,5,FWD,JB - Compact,4173,1781,1532,SUV,0,7.432112999999999,11.385997115999999,10.16,511.8110236220473,JB
Alfa,Romeo Junior Elettrica 54 kWh Veloce,200,50.8,102.0,345.0,164,310,6.0,85.0,0.0,400,5,FWD,JB - Compact,4173,1781,1505,SUV,0,7.432112999999999,11.185330064999999,10.16,679.1338582677166,JB
Alpine,A290 Electric 180 hp,160,52.0,184.0,285.0,138,310,7.4,70.0,500.0,326,5,FWD,B - Compact,3997,1823,1512,Hatchback,0,7.286530999999999,11.017234872,10.4,548.0769230769231,B
Alpine,A290 Electric 220 hp,170,52.0,184.0,300.0,144,305,6.4,70.0,500.0,326,5,FWD,B - Compact,3997,1823,1512,Hatchback,0,7.286530999999999,11.017234872,10.4,576.9230769230769,B
Audi,A6 Avant e-tron,210,75.8,150.0,435.0,146,465,6.0,150.0,2100.0,502,5,RWD,JE - Executive,4928,1923,1455,Station/Estate,0,9.476544,13.788371520000002,15.16,573.8786279683378,JE
Audi,A6 Avant e-tron performance,210,94.9,180.0,565.0,151,575,5.4,200.0,2100.0,502,5,RWD,JE - Executive,4928,1923,1455,Station/Estate,0,9.476544,13.788371520000002,18.98,595.36354056902,JE
Audi,A6 Avant e-tron quattro,210,94.9,180.0,855.0,157,560,4.5,200.0,2100.0,502,5,AWD,JE - Executive,4928,1923,1455,Station/Estate,0,9.476544,13.788371520000002,18.98,900.9483667017912,JE
Audi,A6 Sportback e-tron,210,75.8,150.0,435.0,136,495,6.0,150.0,2100.0,502,5,RWD,JE - Executive,4928,1923,1455,Liftback Sedan,0,9.476544,13.788371520000002,15.16,573.8786279683378,JE
Audi,A6 Sportback e-tron performance,210,94.9,180.0,565.0,141,610,5.4,200.0,2100.0,502,5,RWD,JE - Executive,4928,1923,1455,Liftback Sedan,0,9.476544,13.788371520000002,18.98,595.36354056902,JE
Audi,A6 Sportback e-tron quattro,210,94.9,180.0,855.0,147,590,4.7,200.0,2100.0,502,5,AWD,JE - Executive,4928,1923,1455,Liftback Sedan,0,9.476544,13.788371520000002,18.98,900.9483667017912,JE
Audi,Q4 Sportback e-tron 40,160,59.0,216.0,310.0,156,340,8.1,110.0,1000.0,520,5,RWD,JC - Medium,4588,1865,1614,SUV,0,8.55662,13.810384680000002,11.8,525.4237288135594,JC
Audi,Q4 Sportback e-tron 45,180,77.0,288.0,545.0,162,435,6.7,120.0,1000.0,535,5,RWD,JC - Medium,4588,1865,1614,SUV,0,8.55662,13.810384680000002,15.4,707.7922077922078,JC
Audi,Q4 Sportback e-tron 45 quattro,180,77.0,288.0,679.0,165,410,6.6,120.0,1200.0,535,5,AWD,JC - Medium,4588,1865,1614,SUV,0,8.55662,13.810384680000002,15.4,881.8181818181819,JC
Audi,Q4 Sportback e-tron 55 quattro,180,77.0,288.0,679.0,165,415,5.4,120.0,1200.0,535,5,AWD,JC - Medium,4588,1865,1614,SUV,0,8.55662,13.810384680000002,15.4,881.8181818181819,JC
Audi,Q4 e-tron 40,160,59.0,216.0,310.0,159,325,8.1,110.0,1000.0,520,5,RWD,JC - Medium,4588,1865,1632,SUV,0,8.55662,13.96440384,11.8,525.4237288135594,JC
Audi,Q4 e-tron 45,180,77.0,288.0,545.0,169,420,6.7,120.0,1000.0,520,5,RWD,JC - Medium,4588,1865,1632,SUV,0,8.55662,13.96440384,15.4,707.7922077922078,JC
Audi,Q4 e-tron 45 quattro,180,77.0,288.0,679.0,171,395,6.6,120.0,1200.0,520,5,AWD,JC - Medium,4588,1865,1632,SUV,0,8.55662,13.96440384,15.4,881.8181818181819,JC
Audi,Q4 e-tron 55 quattro,180,77.0,288.0,679.0,171,395,5.4,120.0,1200.0,520,5,AWD,JC - Medium,4588,1865,1632,SUV,0,8.55662,13.96440384,15.4,881.8181818181819,JC
Audi,Q6 e-tron,210,75.8,150.0,450.0,166,395,7.0,150.0,2000.0,526,5,RWD,JD - Large,4771,1939,1685,SUV,0,9.250969,15.587882765,15.16,593.6675461741424,JD
Audi,Q6 e-tron Sportback,210,75.8,150.0,450.0,139,410,7.0,150.0,2000.0,511,5,RWD,JD - Large,4771,1939,1665,SUV,0,9.250969,15.402863385,15.16,593.6675461741424,JD
Audi,Q6 e-tron Sportback performance,210,94.9,180.0,485.0,145,510,6.6,190.0,2000.0,511,5,RWD,JD - Large,4771,1939,1665,SUV,0,9.250969,15.402863385,18.98,511.0642781875658,JD
Audi,Q6 e-tron Sportback quattro,210,94.9,180.0,855.0,149,500,5.9,200.0,2400.0,511,5,AWD,JD - Large,4771,1939,1665,SUV,0,9.250969,15.402863385,18.98,900.9483667017912,JD
Audi,Q6 e-tron performance,210,94.9,180.0,485.0,171,490,6.6,190.0,2000.0,526,5,RWD,JD - Large,4771,1939,1685,SUV,0,9.250969,15.587882765,18.98,511.0642781875658,JD
Audi,Q6 e-tron quattro,210,94.9,180.0,855.0,176,480,5.9,200.0,2400.0,10 Banana Boxes,5,AWD,JD - Large,4771,1939,1685,SUV,0,9.250969,15.587882765,18.98,900.9483667017912,JD
Audi,S6 Avant e-tron,240,94.9,180.0,855.0,156,530,3.9,200.0,2100.0,502,5,AWD,JE - Executive,4928,1923,1493,Station/Estate,0,9.476544,14.148480192000001,18.98,900.9483667017912,JE
Audi,S6 Sportback e-tron,240,94.9,180.0,855.0,149,555,3.9,200.0,2100.0,502,5,AWD,JE - Executive,4928,1923,1465,Liftback Sedan,0,9.476544,13.883136960000002,18.98,900.9483667017912,JE
Audi,SQ6 e-tron,230,94.9,180.0,855.0,169,470,4.3,200.0,2400.0,514,5,AWD,JD - Large,4771,1965,1685,SUV,0,9.375015,15.796900274999999,18.98,900.9483667017912,JD
Audi,SQ6 e-tron Sportback,230,94.9,180.0,855.0,164,495,4.3,200.0,2400.0,511,5,AWD,JD - Large,4771,1965,1665,SUV,0,9.375015,15.609399974999999,18.98,900.9483667017912,JD
Audi,e-tron GT RS,250,97.0,396.0,865.0,184,525,2.8,281.0,0.0,350,4,AWD,F - Luxury,4997,1964,1389,Sedan,0,9.814108,13.631796011999999,24.25,891.7525773195877,F
Audi,e-tron GT RS performance,250,97.0,396.0,1027.0,182,525,2.5,281.0,0.0,350,4,AWD,F - Luxury,4997,1964,1389,Sedan,0,9.814108,13.631796011999999,24.25,1058.7628865979382,F
Audi,e-tron GT S,245,97.0,396.0,740.0,172,540,3.4,281.0,0.0,405,4,AWD,F - Luxury,5004,1964,1394,Sedan,0,9.827855999999999,13.700031263999998,24.25,762.8865979381444,F
Audi,e-tron GT quattro,245,97.0,396.0,625.0,169,540,4.0,281.0,0.0,405,4,AWD,F - Luxury,5004,1964,1394,Sedan,0,9.827855999999999,13.700031263999998,24.25,644.3298969072165,F
BMW,i4 M50,225,81.3,,795.0,197,450,3.9,131.0,1600.0,470,5,AWD,D - Large,4783,1852,1448,Liftback Sedan,1,8.858116,12.826551968,16.259999999999998,977.859778597786,D
BMW,i4 eDrive35,190,67.1,,400.0,174,430,6.0,95.0,1600.0,470,5,RWD,D - Large,4783,1852,1448,Liftback Sedan,1,8.858116,12.826551968,13.419999999999998,596.1251862891207,D
BMW,i4 eDrive40,190,81.3,,430.0,174,515,5.6,131.0,1600.0,470,5,RWD,D - Large,4783,1852,1448,Liftback Sedan,1,8.858116,12.826551968,16.259999999999998,528.9052890528906,D
BMW,i4 xDrive40,200,81.3,,600.0,183,490,5.1,131.0,1600.0,470,5,AWD,D - Large,4783,1852,1448,Liftback Sedan,1,8.858116,12.826551968,16.259999999999998,738.0073800738007,D
BMW,i5 M60 xDrive Sedan (MY25),230,81.2,,795.0,172,430,3.8,136.0,2000.0,490,5,AWD,E - Executive,5060,1900,1505,Sedan,1,9.613999999999999,14.469069999999997,16.240000000000002,979.0640394088668,E
BMW,i5 M60 xDrive Touring (MY25),230,81.2,,795.0,179,425,3.9,136.0,2000.0,570,5,AWD,E - Executive,5060,1900,1505,Station/Estate,1,9.613999999999999,14.469069999999997,16.240000000000002,979.0640394088668,E
BMW,i5 eDrive40 Sedan (MY25),193,81.2,,400.0,159,480,6.0,136.0,1500.0,490,5,RWD,E - Executive,5060,1900,1515,Sedan,1,9.613999999999999,14.565209999999997,16.240000000000002,492.6108374384237,E
BMW,i5 eDrive40 Touring (MY25),193,81.2,,400.0,165,465,6.1,136.0,1500.0,570,5,RWD,E - Executive,5060,1900,1515,Station/Estate,1,9.613999999999999,14.565209999999997,16.240000000000002,492.6108374384237,E
BMW,i5 xDrive40 Sedan (MY25),215,81.2,,590.0,167,465,5.4,136.0,2000.0,490,5,AWD,E - Executive,5060,1900,1515,Sedan,1,9.613999999999999,14.565209999999997,16.240000000000002,726.6009852216748,E
BMW,i5 xDrive40 Touring (MY25),215,81.2,,590.0,174,450,5.5,136.0,2000.0,570,5,AWD,E - Executive,5060,1900,1515,Station/Estate,1,9.613999999999999,14.565209999999997,16.240000000000002,726.6009852216748,E
BMW,i7 M70 xDrive,250,101.7,,1100.0,208,490,3.7,159.0,0.0,500,5,AWD,F - Luxury,5391,1950,1544,Sedan,1,10.51245,16.2312228,20.34,1081.6125860373647,F
BMW,i7 eDrive50,205,101.7,,650.0,177,520,5.5,159.0,0.0,500,5,RWD,F - Luxury,5391,1950,1544,Sedan,1,10.51245,16.2312228,20.34,639.13470993117,F
BMW,i7 xDrive60,240,101.7,,745.0,172,510,4.7,159.0,2000.0,500,5,AWD,F - Luxury,5391,1950,1544,Sedan,1,10.51245,16.2312228,20.34,732.5467059980334,F
BMW,iX M70 xDrive,250,108.9,,1015.0,209,500,3.8,150.0,2500.0,500,5,AWD,JE - Executive,4965,1970,1695,SUV,1,9.78105,16.578879750000002,21.78,932.0477502295685,JE
BMW,iX xDrive45,200,94.8,,700.0,193,470,5.1,115.0,2500.0,500,5,AWD,JE - Executive,4965,1970,1695,SUV,1,9.78105,16.578879750000002,18.96,738.3966244725739,JE
BMW,iX xDrive60,200,109.1,,765.0,194,525,4.6,150.0,2500.0,500,5,AWD,JE - Executive,4965,1970,1695,SUV,1,9.78105,16.578879750000002,21.82,701.1915673693859,JE
BMW,iX1 eDrive20,170,64.7,,247.0,150,390,8.3,94.0,750.0,490,5,FWD,JC - Medium,4500,1845,1616,SUV,1,8.3025,13.41684,12.940000000000001,381.7619783616692,JC
BMW,iX1 xDrive30,180,64.7,,494.0,155,380,5.6,94.0,1200.0,490,5,AWD,JC - Medium,4500,1845,1616,SUV,1,8.3025,13.41684,12.940000000000001,763.5239567233384,JC
BMW,iX2 eDrive20,170,64.7,,247.0,147,395,8.6,94.0,750.0,525,5,FWD,JC - Medium,4554,1845,1560,SUV,1,8.40213,13.1073228,12.940000000000001,381.7619783616692,JC
BMW,iX2 xDrive30,180,64.7,,494.0,155,385,5.6,94.0,1200.0,525,5,AWD,JC - Medium,4554,1845,1560,SUV,1,8.40213,13.1073228,12.940000000000001,763.5239567233384,JC
BYD,ATTO 2,160,45.1,,290.0,145,245,7.9,51.0,750.0,400,5,FWD,JB - Compact,4310,1830,1675,SUV,1,7.8873,13.2112275,9.02,643.0155210643015,JB
BYD,ATTO 3 (MY25),160,60.5,126.0,310.0,144,340,7.3,75.0,750.0,440,5,FWD,JC - Medium,4455,1875,1615,SUV,0,8.353125,13.490296875,12.1,512.396694214876,JC
BYD,DOLPHIN 44.9 kWh Active,150,44.9,104.0,180.0,132,265,12.3,50.0,0.0,345,5,FWD,C - Medium,4290,1770,1570,Hatchback,0,7.5933,11.921481,8.98,400.89086859688194,C
BYD,DOLPHIN 44.9 kWh Boost,160,44.9,104.0,,145,260,8.0,50.0,0.0,345,5,FWD,C - Medium,4290,1770,1570,Hatchback,0,7.5933,11.921481,8.98,,C
BYD,DOLPHIN 60.4 kWh,160,60.5,126.0,310.0,142,350,7.0,65.0,0.0,345,5,FWD,C - Medium,4290,1770,1570,Hatchback,0,7.5933,11.921481,12.1,512.396694214876,C
BYD,DOLPHIN SURF 30 kWh Active,150,30.0,94.0,175.0,136,190,11.1,45.0,0.0,308,4,FWD,B - Compact,3990,1720,1590,Hatchback,0,6.8628,10.911852000000001,7.5,583.3333333333333,B
BYD,DOLPHIN SURF 43.2 kWh Boost,150,43.2,90.0,175.0,134,270,12.1,60.0,0.0,308,4,FWD,B - Compact,3990,1720,1590,Hatchback,0,6.8628,10.911852000000001,10.8,405.09259259259255,B
BYD,DOLPHIN SURF 43.2 kWh Comfort,150,43.2,90.0,220.0,139,265,9.1,60.0,0.0,308,4,FWD,B - Compact,3990,1720,1590,Hatchback,0,6.8628,10.911852000000001,10.8,509.25925925925924,B
BYD,SEAL 61.4 kWh RWD Comfort,220,61.4,128.0,380.0,133,365,7.5,75.0,750.0,400,5,RWD,D - Large,4800,1875,1460,Sedan,0,9.0,13.14,12.28,618.8925081433225,D
BYD,SEAL 82.5 kWh AWD Excellence,180,82.5,172.0,670.0,159,445,3.8,100.0,1500.0,400,5,AWD,D - Large,4800,1875,1460,Sedan,0,9.0,13.14,16.5,812.1212121212121,D
BYD,SEAL 82.5 kWh RWD Design,180,82.5,172.0,360.0,145,480,5.9,100.0,750.0,400,5,RWD,D - Large,4800,1875,1460,Sedan,0,9.0,13.14,16.5,436.3636363636363,D
BYD,SEAL U 71.8 kWh Comfort,175,71.8,132.0,310.0,171,360,9.3,72.0,1300.0,552,5,FWD,JD - Large,4785,1890,1668,SUV,0,9.04365,15.084808199999998,14.36,431.7548746518106,JD
BYD,SEAL U 87 kWh Design,175,87.0,160.0,330.0,174,425,9.6,85.0,1300.0,552,5,FWD,JD - Large,4785,1890,1668,SUV,0,9.04365,15.084808199999998,17.4,379.3103448275862,JD
BYD,SEALION 7 82.5 kWh AWD Design,215,82.5,172.0,690.0,181,400,4.5,115.0,1500.0,520,5,AWD,JD - Large,4830,1925,1620,SUV,0,9.29775,15.062355000000002,16.5,836.3636363636364,JD
BYD,SEALION 7 82.5 kWh RWD Comfort,215,82.5,172.0,380.0,171,415,6.7,115.0,750.0,520,5,RWD,JD - Large,4830,1925,1620,SUV,0,9.29775,15.062355000000002,16.5,460.6060606060606,JD
BYD,SEALION 7 91.3 kWh AWD Excellence,215,91.3,,690.0,182,430,4.5,165.0,1500.0,520,5,AWD,JD - Large,4830,1925,1620,SUV,1,9.29775,15.062355000000002,18.259999999999998,755.750273822563,JD
BYD,TANG Flagship,190,108.8,,700.0,205,460,4.9,100.0,1500.0,235,7,AWD,JE - Executive,4970,1955,1745,SUV,1,9.71635,16.955030750000002,15.542857142857143,643.3823529411765,JE
CUPRA,Born 170 kW - 59 kWh,160,59.0,216.0,310.0,156,360,6.7,110.0,0.0,385,5,RWD,C - Medium,4322,1809,1540,Hatchback,0,7.818498,12.04048692,11.8,525.4237288135594,C
CUPRA,Born 170 kW - 77 kWh,160,77.0,288.0,310.0,157,460,7.0,125.0,0.0,385,5,RWD,C - Medium,4322,1809,1540,Hatchback,0,7.818498,12.04048692,15.4,402.5974025974026,C
CUPRA,Born VZ,200,79.0,288.0,545.0,149,465,5.6,135.0,0.0,385,5,RWD,C - Medium,4322,1809,1538,Hatchback,0,7.818498,12.024849924,15.8,689.873417721519,C
CUPRA,Tavascan Endurance,180,77.0,288.0,545.0,142,445,6.8,120.0,1000.0,540,5,RWD,JC - Medium,4644,1861,1597,SUV,0,8.642484,13.802046948,15.4,707.7922077922078,JC
CUPRA,Tavascan VZ,180,77.0,288.0,545.0,150,425,5.5,120.0,1200.0,540,5,AWD,JC - Medium,4644,1861,1597,SUV,0,8.642484,13.802046948,15.4,707.7922077922078,JC
Cadillac,Lyriq 600 E4,210,102.0,288.0,610.0,192,460,5.3,165.0,1587.0,793,5,AWD,JF - Luxury,5005,1977,1623,SUV,0,9.894885,16.059398355,20.4,598.0392156862745,JF
Citroen,e-Berlingo M 50 kWh,132,50.0,,260.0,149,235,11.7,80.0,750.0,775,5,FWD,N - Passenger Van,4403,1921,1803,Small Passenger Van,1,8.458162999999999,15.250067888999997,10.0,520.0,N
Citroen,e-Berlingo XL 50 kWh,132,50.0,,260.0,149,230,11.7,80.0,750.0,1050,7,FWD,N - Passenger Van,4753,1921,1814,Small Passenger Van,1,9.130513,16.562750582000003,7.142857142857143,520.0,N
Citroen,e-C3,135,44.0,,120.0,135,255,11.5,60.0,550.0,310,5,FWD,B - Compact,4015,1755,1577,Hatchback,1,7.046324999999999,11.112054524999998,8.8,272.7272727272727,B
Citroen,e-C3 Aircross,145,44.0,,125.0,144,240,12.9,60.0,350.0,460,5,FWD,JB - Compact,4395,1795,1660,SUV,1,7.889024999999999,13.095781499999998,8.8,284.09090909090907,JB
Citroen,e-C4,150,46.3,216.0,260.0,135,285,9.9,78.0,0.0,380,5,FWD,C - Medium,4360,1834,1525,Hatchback,0,7.996240000000001,12.194266,9.26,561.5550755939526,C
Citroen,e-C4 54 kWh,150,50.8,102.0,260.0,122,325,9.1,78.0,0.0,380,5,FWD,C - Medium,4360,1834,1525,Hatchback,0,7.996240000000001,12.194266,10.16,511.8110236220473,C
Citroen,e-C4 X,150,46.3,216.0,260.0,132,290,9.9,78.0,0.0,510,5,FWD,C - Medium,4600,1834,1525,Sedan,0,8.436399999999999,12.865509999999997,9.26,561.5550755939526,C
Citroen,e-C4 X 54 kWh,150,50.8,102.0,260.0,119,335,9.1,78.0,0.0,510,5,FWD,C - Medium,4600,1834,1525,Sedan,0,8.436399999999999,12.865509999999997,10.16,511.8110236220473,C
Citroen,e-SpaceTourer M 50 kWh,130,46.3,216.0,220.0,217,180,13.3,78.0,1000.0,603,9,FWD,N - Passenger Van,4983,1920,1890,Small Passenger Van,0,9.567359999999999,18.082310399999997,5.144444444444444,475.16198704103675,N
Citroen,e-SpaceTourer M 75 kWh,130,68.0,324.0,220.0,202,260,14.2,79.0,1000.0,603,9,FWD,N - Passenger Van,4983,1920,1890,Small Passenger Van,0,9.567359999999999,18.082310399999997,7.555555555555555,323.5294117647059,N
Citroen,e-SpaceTourer XL 50 kWh,130,46.3,216.0,220.0,219,180,13.3,78.0,1000.0,989,9,FWD,N - Passenger Van,5333,1920,1890,Small Passenger Van,0,10.23936,19.352390399999997,5.144444444444444,475.16198704103675,N
Citroen,e-SpaceTourer XL 75 kWh,130,68.0,324.0,220.0,204,260,14.2,79.0,1000.0,989,9,FWD,N - Passenger Van,5333,1920,1890,Small Passenger Van,0,10.23936,19.352390399999997,7.555555555555555,323.5294117647059,N
DS,3 E-Tense,150,50.8,102.0,260.0,128,300,9.0,85.0,0.0,350,5,FWD,JB - Compact,4118,1802,1534,SUV,0,7.420636000000001,11.383255624000002,10.16,511.8110236220473,JB
DS,N°4 E-Tense,160,58.3,,345.0,130,375,7.1,70.0,0.0,390,5,FWD,JC - Medium,4400,1866,1470,Hatchback,1,8.210400000000002,12.069288000000002,11.66,591.7667238421956,JC
DS,N°8 AWD Long Range,190,97.2,,511.0,146,530,5.4,130.0,1400.0,620,5,AWD,JD - Large,4834,1920,1574,SUV,1,9.281279999999999,14.60873472,19.44,525.7201646090535,JD
DS,N°8 FWD,190,73.7,,345.0,141,415,7.7,100.0,1260.0,620,5,FWD,JD - Large,4834,1920,1574,SUV,1,9.281279999999999,14.60873472,14.74,468.11397557666214,JD
DS,N°8 FWD Long Range,190,97.2,,345.0,136,545,7.8,130.0,1200.0,620,5,FWD,JD - Large,4834,1920,1574,SUV,1,9.281279999999999,14.60873472,19.44,354.9382716049382,JD
Dacia,Spring Electric 45,125,25.0,72.0,125.0,109,165,19.1,29.0,0.0,308,4,FWD,A - Mini,3700,1622,1516,Hatchback,0,6.0014,9.098122400000001,6.25,500.0,A
Dacia,Spring Electric 65,125,25.0,72.0,113.0,114,160,13.7,29.0,0.0,308,4,FWD,A - Mini,3700,1622,1516,Hatchback,0,6.0014,9.098122400000001,6.25,451.99999999999994,A
Dongfeng,Box 31.4 kWh,140,29.0,,160.0,126,190,12.5,50.0,,326,5,FWD,B - Compact,4020,1810,1570,Hatchback,1,7.276199999999999,11.423634,5.8,551.7241379310345,B
Dongfeng,Box 42.3 kWh,140,40.0,,160.0,129,255,12.5,51.0,,326,5,FWD,B - Compact,4020,1810,1570,Hatchback,1,7.276199999999999,11.423634,8.0,400.0,B
Elaris,BEO 86 kWh,150,81.0,,320.0,203,390,9.5,65.0,,467,5,FWD,JD - Large,4698,1908,1696,SUV,1,8.963784,15.202577664,16.2,395.0617283950617,JD
Fiat,500e 3+1 24 kWh,135,21.3,108.0,220.0,112,135,9.0,40.0,0.0,185,4,FWD,B - Compact,3631,1683,1529,Hatchback,0,6.1109729999999995,9.343677716999998,5.325,1032.8638497652582,B
Fiat,500e 3+1 42 kWh,150,37.3,192.0,220.0,122,235,9.0,67.0,0.0,185,4,FWD,B - Compact,3631,1683,1529,Hatchback,0,6.1109729999999995,9.343677716999998,9.325,589.8123324396784,B
Fiat,500e Cabrio 24 kWh,135,21.3,108.0,220.0,112,135,9.0,40.0,0.0,185,4,FWD,B - Compact,3631,1683,1529,Cabriolet,0,6.1109729999999995,9.343677716999998,5.325,1032.8638497652582,B
Fiat,500e Cabrio 42 kWh,150,37.3,192.0,220.0,125,230,9.0,67.0,0.0,185,4,FWD,B - Compact,3631,1683,1529,Cabriolet,0,6.1109729999999995,9.343677716999998,9.325,589.8123324396784,B
Fiat,500e Hatchback 24 kWh,135,21.3,108.0,220.0,112,135,9.0,40.0,0.0,185,4,FWD,B - Compact,3631,1683,1529,Hatchback,0,6.1109729999999995,9.343677716999998,5.325,1032.8638497652582,B
Fiat,500e Hatchback 42 kWh,150,37.3,192.0,220.0,118,235,9.0,67.0,0.0,185,4,FWD,B - Compact,3631,1683,1529,Hatchback,0,6.1109729999999995,9.343677716999998,9.325,589.8123324396784,B
Fiat,600e,150,50.8,102.0,260.0,124,310,9.0,79.0,0.0,360,5,FWD,JB - Compact,4171,1781,1523,SUV,0,7.428551,11.313683173,10.16,511.8110236220473,JB
Fiat,Grande Panda,132,43.8,,122.0,136,260,11.0,60.0,550.0,361,5,FWD,B - Compact,3999,1763,1570,Hatchback,1,7.050237,11.068872090000001,8.76,278.53881278538813,B
Ford,Capri Extended Range AWD,180,79.0,288.0,679.0,148,455,5.3,135.0,1200.0,572,5,AWD,D - Large,4643,1872,1626,Liftback Sedan,0,8.691696,14.132697696,15.8,859.493670886076,D
Ford,Capri Extended Range RWD,180,77.0,288.0,545.0,135,455,6.4,120.0,1000.0,572,5,RWD,D - Large,4643,1872,1626,Liftback Sedan,0,8.691696,14.132697696,15.4,707.7922077922078,D
Ford,Capri Standard Range RWD,160,52.0,192.0,310.0,163,320,9.0,85.0,1000.0,572,5,RWD,D - Large,4643,1872,1626,Liftback Sedan,0,8.691696,14.132697696,10.4,596.1538461538462,D
Ford,Explorer Extended Range AWD,180,79.0,288.0,679.0,153,440,5.3,135.0,1200.0,536,5,AWD,JC - Medium,4468,1871,1639,SUV,0,8.359628,13.701430292000001,15.8,859.493670886076,JC
Ford,Explorer Extended Range RWD,180,77.0,288.0,545.0,139,435,6.4,120.0,1000.0,536,5,RWD,JC - Medium,4468,1871,1630,SUV,0,8.359628,13.62619364,15.4,707.7922077922078,JC
Ford,Explorer Standard Range RWD,160,52.0,192.0,310.0,137,305,8.7,85.0,1000.0,536,5,RWD,JC - Medium,4468,1871,1630,SUV,0,8.359628,13.62619364,10.4,596.1538461538462,JC
Ford,Mustang Mach-E ER AWD (MY25),180,88.0,,675.0,160,435,4.8,105.0,1500.0,519,5,AWD,JD - Large,4713,1881,1624,SUV,1,8.865153,14.397008472,17.6,767.0454545454546,JD
Ford,Mustang Mach-E ER AWD (MY24),180,91.0,376.0,675.0,165,445,4.6,115.0,1500.0,519,5,AWD,JD - Large,4713,1881,1624,SUV,0,8.865153,14.397008472,18.2,741.7582417582418,JD
Ford,Mustang Mach-E ER RWD (MY25),180,88.0,,525.0,147,475,6.1,105.0,1500.0,519,5,RWD,JD - Large,4713,1881,1624,SUV,1,8.865153,14.397008472,17.6,596.5909090909091,JD
Ford,Mustang Mach-E ER RWD (MY24),180,91.0,376.0,525.0,152,480,5.9,115.0,1500.0,519,5,RWD,JD - Large,4713,1881,1624,SUV,0,8.865153,14.397008472,18.2,576.9230769230769,JD
Ford,Mustang Mach-E GT (MY24),200,91.0,376.0,950.0,177,425,3.8,115.0,750.0,519,5,AWD,JD - Large,4743,1881,1613,SUV,0,8.921583,14.390513379,18.2,1043.956043956044,JD
Ford,Mustang Mach-E GT (MY25),200,91.0,376.0,950.0,177,435,3.8,115.0,750.0,519,5,AWD,JD - Large,4743,1881,1613,SUV,0,8.921583,14.390513379,18.2,1043.956043956044,JD
Ford,Mustang Mach-E Rally (MY25),200,91.0,376.0,950.0,178,415,3.9,115.0,750.0,519,5,AWD,JD - Large,4743,1881,1633,SUV,0,8.921583,14.568945039,18.2,1043.956043956044,JD
Ford,Mustang Mach-E Rally (MY24),200,91.0,376.0,950.0,178,410,3.9,115.0,750.0,519,5,AWD,JD - Large,4743,1881,1633,SUV,0,8.921583,14.568945039,18.2,1043.956043956044,JD
Ford,Mustang Mach-E SR RWD (MY24),180,72.6,,525.0,154,385,6.2,100.0,750.0,519,5,RWD,JD - Large,4713,1881,1624,SUV,1,8.865153,14.397008472,14.52,723.1404958677687,JD
Ford,Mustang Mach-E SR RWD (MY25),180,72.6,,525.0,154,380,6.2,100.0,750.0,519,5,RWD,JD - Large,4713,1881,1624,SUV,1,8.865153,14.397008472,14.52,723.1404958677687,JD
Ford,Puma Gen-E,160,43.6,,290.0,126,275,8.0,85.0,750.0,523,5,FWD,JB - Compact,4214,1805,1555,SUV,1,7.60627,11.82774985,8.72,665.1376146788991,JB
Ford,e-Tourneo Courier,145,43.6,,290.0,164,200,11.0,80.0,750.0,,5,FWD,N - Passenger Van,4337,1876,1817,Small Passenger Van,1,8.136211999999999,14.783497203999998,8.72,665.1376146788991,N
Ford,e-Tourneo Custom L1 160 kW,130,64.0,,415.0,370,235,9.0,70.0,2000.0,672,8,RWD,N - Passenger Van,5050,1999,1959,Small Passenger Van,1,10.09495,19.77600705,8.0,648.4375,N
Ford,e-Tourneo Custom L1 210 kW,130,64.0,,415.0,370,235,8.0,70.0,2000.0,672,8,RWD,N - Passenger Van,5050,1999,1959,Small Passenger Van,1,10.09495,19.77600705,8.0,648.4375,N
Ford,e-Tourneo Custom L2 160 kW,150,64.0,,415.0,370,235,9.0,70.0,2000.0,672,8,RWD,N - Passenger Van,5908,1999,1959,Small Passenger Van,1,11.810092000000001,23.135970228,8.0,648.4375,N
Ford,e-Tourneo Custom L2 210 kW,150,64.0,,415.0,370,235,8.0,70.0,2000.0,672,8,RWD,N - Passenger Van,5908,1999,1959,Small Passenger Van,1,11.810092000000001,23.135970228,8.0,648.4375,N
GWM,ORA 03 48 kWh,160,45.4,,250.0,146,260,8.3,45.0,0.0,228,5,FWD,C - Medium,4235,1825,1603,Hatchback,1,7.728875,12.389386625,9.08,550.6607929515419,C
GWM,ORA 03 63 kWh,160,59.3,,250.0,141,340,8.2,56.0,0.0,228,5,FWD,C - Medium,4235,1825,1603,Hatchback,1,7.728875,12.389386625,11.86,421.58516020236084,C
GWM,ORA 03 GT,160,59.3,,250.0,148,325,8.2,56.0,0.0,228,5,FWD,C - Medium,4254,1848,1603,Hatchback,1,7.8613919999999995,12.601811375999999,11.86,421.58516020236084,C
GWM,ORA 07 GT,180,83.5,,680.0,161,430,4.5,80.0,0.0,333,5,AWD,D - Large,4871,1862,1500,Sedan,1,9.069802000000001,13.604703,16.7,814.37125748503,D
GWM,ORA 07 Pro,170,64.3,,340.0,146,350,8.2,75.0,0.0,333,5,FWD,D - Large,4871,1862,1500,Sedan,1,9.069802000000001,13.604703,12.86,528.7713841368585,D
GWM,ORA 07 Pure,170,64.3,,340.0,146,350,8.2,75.0,0.0,333,5,FWD,D - Large,4871,1862,1500,Sedan,1,9.069802000000001,13.604703,12.86,528.7713841368585,D
Genesis,G80 Electrified Luxury,225,82.5,,700.0,159,440,4.9,160.0,,354,5,AWD,F - Luxury,5005,1925,1470,Sedan,1,9.634625,14.16289875,16.5,848.4848484848485,F
Genesis,GV60 Premium,185,74.0,384.0,350.0,143,390,7.8,200.0,1600.0,432,5,RWD,JC - Medium,4515,1890,1580,SUV,0,8.533349999999999,13.482693,14.8,472.97297297297297,JC
Genesis,GV60 Sport,200,74.0,384.0,605.0,157,375,5.5,200.0,1600.0,432,5,AWD,JC - Medium,4515,1890,1580,SUV,0,8.533349999999999,13.482693,14.8,817.5675675675675,JC
Genesis,GV60 Sport Plus,235,74.0,384.0,700.0,159,360,4.0,200.0,1600.0,432,5,AWD,JC - Medium,4515,1890,1580,SUV,0,8.533349999999999,13.482693,14.8,945.9459459459459,JC
Genesis,GV70 Electrified Sport,235,74.0,384.0,700.0,163,350,4.2,190.0,1800.0,503,5,AWD,JD - Large,4715,1910,1630,SUV,0,9.00565,14.679209499999997,14.8,945.9459459459459,JD
Honda,e:Ny1,160,61.9,,310.0,150,335,7.6,60.0,0.0,361,5,FWD,JB - Compact,4387,1790,1584,SUV,1,7.852729999999999,12.43872432,12.379999999999999,500.8077544426494,JB
Hongqi,E-HS9 120 kWh,200,112.0,,750.0,217,455,4.9,110.0,1500.0,438,5,AWD,JF - Luxury,5209,2010,1731,SUV,1,10.470089999999999,18.123725789999998,22.4,669.6428571428571,JF
Hongqi,E-HS9 84 kWh,200,76.5,,600.0,193,320,6.5,112.0,1500.0,438,5,AWD,JF - Luxury,5209,2010,1731,SUV,1,10.470089999999999,18.123725789999998,15.3,784.313725490196,JF
Hongqi,E-HS9 99 kWh,200,90.0,,750.0,194,370,4.9,112.0,1500.0,438,5,AWD,JF - Luxury,5209,2010,1731,SUV,1,10.470089999999999,18.123725789999998,18.0,833.3333333333334,JF
Hyundai,INSTER Long Range,150,46.0,,147.0,124,300,10.6,70.0,,280,4,FWD,JA - Mini,3825,1610,1575,SUV,1,6.158250000000001,9.69924375,11.5,319.5652173913044,JA
Hyundai,INSTER Standard Range,140,39.0,,147.0,119,255,11.7,60.0,,280,4,FWD,JA - Mini,3825,1610,1575,SUV,1,6.158250000000001,9.69924375,9.75,376.9230769230769,JA
Hyundai,IONIQ 5 63 kWh RWD (MY24),185,60.0,288.0,350.0,136,345,8.5,150.0,750.0,520,5,RWD,JC - Medium,4655,1890,1605,SUV,0,8.79795,14.12070975,12.0,583.3333333333333,JC
Hyundai,IONIQ 5 84 kWh AWD (MY24),185,80.0,384.0,605.0,162,445,5.3,205.0,1600.0,520,5,AWD,JC - Medium,4655,1890,1605,SUV,0,8.79795,14.12070975,16.0,756.25,JC
Hyundai,IONIQ 5 84 kWh RWD (MY24),185,80.0,384.0,350.0,155,450,7.5,205.0,1600.0,520,5,RWD,JC - Medium,4655,1890,1605,SUV,0,8.79795,14.12070975,16.0,437.5,JC
Hyundai,IONIQ 5 N (MY24),260,80.0,384.0,740.0,179,390,3.4,205.0,0.0,480,5,AWD,JC - Medium,4715,1940,1585,SUV,0,9.1471,14.498153499999999,16.0,925.0,JC
Hyundai,IONIQ 6 Long Range 2WD,185,74.0,384.0,350.0,136,495,7.4,200.0,1500.0,401,5,RWD,D - Large,4855,1880,1495,Sedan,0,9.1274,13.645463000000001,14.8,472.97297297297297,D
Hyundai,IONIQ 6 Long Range AWD,185,74.0,384.0,605.0,143,440,5.1,200.0,1500.0,401,5,AWD,D - Large,4855,1880,1495,Sedan,0,9.1274,13.645463000000001,14.8,817.5675675675675,D
Hyundai,IONIQ 6 Standard Range 2WD,185,50.0,264.0,350.0,117,335,8.8,120.0,750.0,401,5,RWD,D - Large,4855,1880,1495,Sedan,0,9.1274,13.645463000000001,10.0,700.0,D
Hyundai,IONIQ 9 Long Range AWD,200,106.0,,605.0,177,490,6.7,195.0,2500.0,338,7,AWD,JF - Luxury,5060,1980,1790,SUV,1,10.018799999999999,17.933652,15.142857142857142,570.7547169811321,JF
Hyundai,IONIQ 9 Long Range RWD,185,106.0,,350.0,171,500,9.4,195.0,1600.0,338,7,RWD,JF - Luxury,5060,1980,1790,SUV,1,10.018799999999999,17.933652,15.142857142857142,330.188679245283,JF
Hyundai,IONIQ 9 Performance AWD,200,106.0,,700.0,177,480,5.2,195.0,2500.0,338,7,AWD,JF - Luxury,5060,1980,1790,SUV,1,10.018799999999999,17.933652,15.142857142857142,660.377358490566,JF
Hyundai,Kona Electric 48 kWh,160,48.4,,255.0,128,295,8.8,50.0,300.0,466,5,FWD,JB - Compact,4355,1825,1575,SUV,1,7.947875000000001,12.517903125,9.68,526.8595041322315,JB
Hyundai,Kona Electric 65 kWh,170,65.4,,255.0,144,390,7.8,86.0,750.0,466,5,FWD,JB - Compact,4355,1825,1575,SUV,1,7.947875000000001,12.517903125,13.080000000000002,389.9082568807339,JB
Jaguar,I-Pace EV400,200,84.7,432.0,696.0,208,380,4.8,85.0,750.0,505,5,AWD,JD - Large,4682,2011,1566,SUV,0,9.415502000000002,14.744676132000004,16.94,821.7237308146398,JD
Jeep,Avenger Electric,150,50.8,102.0,260.0,132,310,9.0,85.0,0.0,355,5,FWD,JB - Compact,4084,1776,1528,SUV,0,7.253183999999999,11.082865151999998,10.16,511.8110236220473,JB
Jeep,Compass Electric 74 kWh,180,74.0,,345.0,148,370,8.5,90.0,1000.0,550,5,FWD,JC - Medium,4552,1928,1675,SUV,1,8.776255999999998,14.700228799999998,14.8,466.21621621621625,JC
KGM,Torres EVX,175,72.0,,339.0,156,370,8.1,85.0,1500.0,839,5,FWD,JC - Medium,4715,1890,1725,SUV,1,8.911349999999999,15.372078749999998,14.4,470.8333333333333,JC
Kia,EV3 Long Range,170,78.0,,283.0,139,455,7.7,105.0,1000.0,460,5,FWD,JB - Compact,4300,1850,1560,SUV,1,7.955,12.4098,15.6,362.8205128205128,JB
Kia,EV3 Standard Range,170,55.0,,283.0,133,325,7.5,80.0,300.0,460,5,FWD,JB - Compact,4300,1850,1560,SUV,1,7.955,12.4098,11.0,514.5454545454545,JB
Kia,EV4 Hatchback Long Range,170,78.0,,283.0,132,475,7.7,105.0,,435,5,FWD,C - Medium,4430,1860,1485,Hatchback,1,8.2398,12.236103000000002,15.6,362.8205128205128,C
Kia,EV4 Hatchback Standard Range,170,55.0,,283.0,134,340,7.4,80.0,,435,5,FWD,C - Medium,4430,1860,1485,Hatchback,1,8.2398,12.236103000000002,11.0,514.5454545454545,C
Kia,EV4 Sedan Long Range,170,78.0,,283.0,124,495,7.7,105.0,,490,5,FWD,C - Medium,4730,1860,1480,Sedan,1,8.7978,13.020744,15.6,362.8205128205128,C
Kia,EV4 Sedan Standard Range,170,55.0,,283.0,128,355,7.4,80.0,,490,5,FWD,C - Medium,4730,1860,1480,Sedan,1,8.7978,13.020744,11.0,514.5454545454545,C
Kia,EV6 GT,260,80.0,384.0,770.0,178,385,3.5,205.0,1800.0,480,5,AWD,JC - Medium,4695,1890,1545,SUV,0,8.87355,13.70963475,16.0,962.5,JC
Kia,EV6 Long Range 2WD,185,80.0,384.0,350.0,143,455,7.3,205.0,1800.0,490,5,RWD,JC - Medium,4695,1880,1575,SUV,0,8.826600000000001,13.901895000000001,16.0,437.5,JC
Kia,EV6 Long Range AWD,185,80.0,384.0,605.0,154,440,5.2,205.0,1800.0,490,5,AWD,JC - Medium,4695,1880,1575,SUV,0,8.826600000000001,13.901895000000001,16.0,756.25,JC
Kia,EV6 Standard Range 2WD,185,60.0,288.0,350.0,140,345,8.7,150.0,750.0,490,5,RWD,JC - Medium,4695,1880,1575,SUV,0,8.826600000000001,13.901895000000001,12.0,583.3333333333333,JC
Kia,EV9 76.1 kWh RWD,190,73.0,348.0,350.0,165,355,8.5,160.0,900.0,333,7,RWD,JF - Luxury,5010,1980,1755,SUV,0,9.919799999999999,17.409248999999996,10.428571428571429,479.4520547945205,JF
Kia,EV9 99.8 kWh AWD,200,96.0,456.0,600.0,188,435,6.0,194.0,2500.0,333,7,AWD,JF - Luxury,5010,1980,1755,SUV,0,9.919799999999999,17.409248999999996,13.714285714285714,625.0,JF
Kia,EV9 99.8 kWh AWD GT,220,96.0,456.0,740.0,190,420,4.6,194.0,2500.0,333,7,AWD,JF - Luxury,5015,1980,1755,SUV,0,9.929699999999999,17.426623499999998,13.714285714285714,770.8333333333333,JF
Kia,EV9 99.8 kWh AWD GT-Line,200,96.0,456.0,700.0,190,425,5.3,194.0,2500.0,333,7,AWD,JF - Luxury,5015,1980,1780,SUV,0,9.929699999999999,17.674865999999998,13.714285714285714,729.1666666666667,JF
Kia,EV9 99.8 kWh RWD,185,96.0,456.0,350.0,171,450,9.4,194.0,900.0,333,7,RWD,JF - Luxury,5010,1980,1755,SUV,0,9.919799999999999,17.409248999999996,13.714285714285714,364.58333333333337,JF
Kia,Niro EV,167,64.8,96.0,255.0,140,385,7.8,70.0,750.0,475,5,FWD,JC - Medium,4420,1825,1570,SUV,0,8.0665,12.664405,12.959999999999999,393.51851851851853,JC
Lancia,Ypsilon,150,48.1,96.0,260.0,122,310,8.2,80.0,0.0,309,5,FWD,B - Compact,4080,1760,1440,Hatchback,0,7.1808000000000005,10.340352000000001,9.620000000000001,540.5405405405405,B
Leapmotor,C10,170,69.9,,320.0,166,350,7.5,70.0,1500.0,435,5,RWD,JD - Large,4739,1900,1680,SUV,1,9.0041,15.126887999999997,13.98,457.796852646638,JD
Leapmotor,T03,130,36.0,,158.0,136,225,12.7,30.0,,210,4,FWD,A - Mini,3620,1652,1577,Hatchback,1,5.98024,9.43083848,9.0,438.8888888888889,A
Lexus,RZ 300e,160,64.0,96.0,266.0,149,365,8.0,100.0,750.0,522,5,FWD,JC - Medium,4690,1860,1600,SUV,0,8.723400000000002,13.957440000000004,12.8,415.625,JC
Lexus,RZ 450e,160,64.0,96.0,435.0,158,350,5.6,100.0,750.0,522,5,AWD,JD - Large,4805,1895,1635,SUV,0,9.105475,14.887451625,12.8,679.6875,JD
Lexus,UX 300e,160,64.0,96.0,300.0,145,340,7.5,35.0,0.0,316,5,FWD,JC - Medium,4495,1840,1545,SUV,0,8.270800000000001,12.778386000000001,12.8,468.75,JC
Lotus,Eletre,250,109.0,,710.0,204,495,4.5,259.0,2250.0,611,5,AWD,JF - Luxury,5103,2019,1630,SUV,1,10.302957000000001,16.79381991,21.8,651.3761467889908,JF
Lotus,Eletre R,260,109.0,,985.0,266,455,2.9,259.0,2250.0,611,5,AWD,JF - Luxury,5103,2019,1636,SUV,1,10.302957000000001,16.855637652000002,21.8,903.6697247706422,JF
Lotus,Eletre S,250,109.0,,710.0,222,480,4.5,259.0,2250.0,611,5,AWD,JF - Luxury,5103,2019,1630,SUV,1,10.302957000000001,16.79381991,21.8,651.3761467889908,JF
Lotus,Emeya,250,98.9,,710.0,198,520,4.2,240.0,2250.0,509,5,AWD,F - Luxury,5139,2005,1464,Liftback Sedan,1,10.303695,15.08460948,19.78,717.8968655207279,F
Lotus,Emeya R,256,98.9,,985.0,227,465,2.8,240.0,1225.0,509,5,AWD,F - Luxury,5139,2005,1464,Liftback Sedan,1,10.303695,15.08460948,19.78,995.9555106167846,F
Lotus,Emeya S,250,98.9,,710.0,198,520,4.2,240.0,2250.0,509,5,AWD,F - Luxury,5139,2005,1464,Liftback Sedan,1,10.303695,15.08460948,19.78,717.8968655207279,F
Lucid,Air Grand Touring,270,112.0,6600.0,1200.0,143,665,3.0,184.0,0.0,456,5,AWD,F - Luxury,4975,1939,1410,Sedan,0,9.646525,13.60160025,22.4,1071.4285714285713,F
Lucid,Air Pure RWD,200,92.0,5400.0,,130,565,4.7,160.0,0.0,456,5,RWD,F - Luxury,4975,1939,1410,Sedan,0,9.646525,13.60160025,18.4,,F
Lucid,Air Touring,250,92.0,5400.0,,142,580,3.2,160.0,0.0,456,5,AWD,F - Luxury,4975,1939,1410,Sedan,0,9.646525,13.60160025,18.4,,F
Lynk&Co,2,180,65.0,,343.0,149,370,5.5,90.0,1600.0,410,5,RWD,JC - Medium,4460,1845,1573,SUV,1,8.2287,12.9437451,13.0,527.6923076923077,JC
MG,Cyberster GT,200,74.4,,725.0,168,395,3.2,85.0,,249,2,AWD,G - Sports,4535,1913,1329,Cabriolet,1,8.675455000000001,11.529679695,37.2,974.4623655913978,G
MG,Cyberster Trophy,195,74.4,,475.0,146,425,5.0,85.0,,249,2,RWD,G - Sports,4535,1913,1329,Cabriolet,1,8.675455000000001,11.529679695,37.2,638.4408602150537,G
MG,4 Electric 51 kWh,160,50.8,104.0,250.0,145,300,7.7,68.0,500.0,363,5,RWD,C - Medium,4287,1836,1504,Hatchback,0,7.870932,11.837881728,10.16,492.12598425196853,C
MG,4 Electric 64 kWh,160,61.7,104.0,250.0,142,360,7.9,116.0,500.0,363,5,RWD,C - Medium,4287,1836,1504,Hatchback,0,7.870932,11.837881728,12.34,405.1863857374392,C
MG,4 Electric 77 kWh,180,74.4,,350.0,143,425,6.5,110.0,500.0,363,5,RWD,C - Medium,4287,1836,1516,Hatchback,1,7.870932,11.932332912,14.88,470.4301075268817,C
MG,4 Electric XPOWER,200,61.7,104.0,600.0,160,320,3.8,116.0,500.0,363,5,AWD,C - Medium,4287,1836,1516,Hatchback,0,7.870932,11.932332912,12.34,972.4473257698542,C
MG,5 Electric Long Range,185,57.4,,280.0,151,335,7.7,60.0,500.0,479,5,FWD,C - Medium,4600,1818,1543,Station/Estate,1,8.3628,12.9038004,11.48,487.8048780487805,C
MG,5 Electric Standard Range,185,46.0,,280.0,148,265,7.7,53.0,500.0,479,5,FWD,C - Medium,4600,1818,1543,Station/Estate,1,8.3628,12.9038004,9.2,608.6956521739131,C
MG,S5  EV 49 kWh,170,47.1,,250.0,139,275,8.0,80.0,750.0,453,5,RWD,JC - Medium,4476,1849,1621,SUV,1,8.276124,13.415597003999999,9.42,530.7855626326964,JC
MG,S5  EV 64 kWh,190,62.1,,350.0,134,365,6.3,90.0,750.0,453,5,RWD,JC - Medium,4476,1849,1621,SUV,1,8.276124,13.415597003999999,12.42,563.6070853462159,JC
MG,ZS EV Long Range,175,68.3,,280.0,155,370,8.4,82.0,500.0,448,5,FWD,JB - Compact,4323,1809,1649,SUV,1,7.820307000000001,12.895686243000002,13.66,409.9560761346999,JB
MG,ZS EV Standard Range,175,49.0,,280.0,153,265,8.6,50.0,500.0,448,5,FWD,JB - Compact,4323,1809,1649,SUV,1,7.820307000000001,12.895686243000002,9.8,571.4285714285714,JB
Maserati,GranCabrio Folgore,290,83.0,,1350.0,198,395,2.8,190.0,,151,4,AWD,F - Luxury,4966,1957,1365,Cabriolet,1,9.718462,13.265700630000001,20.75,1626.5060240963855,F
Maserati,GranTurismo Folgore,325,83.0,,1350.0,182,420,2.7,217.0,,270,4,AWD,F - Luxury,4959,1957,1353,Coupe,1,9.704763,13.130544339,20.75,1626.5060240963855,F
Maserati,Grecale Folgore,220,95.0,,820.0,220,400,4.1,110.0,1800.0,535,5,AWD,JE - Executive,4865,1948,1651,SUV,1,9.47702,15.646560019999999,19.0,863.1578947368421,JE
Maxus,MIFA 9,180,84.0,,350.0,195,365,9.2,103.0,1000.0,31 Banana Boxes,7,FWD,N - Passenger Van,5270,2000,1840,Small Passenger Van,1,10.54,19.3936,12.0,416.6666666666667,N
Mazda,6e 68.8 kWh,175,66.0,,320.0,138,390,7.6,120.0,1500.0,456,5,RWD,D - Large,4921,1890,1491,Liftback Sedan,1,9.30069,13.86732879,13.2,484.8484848484849,D
Mazda,6e Long Range 80 kWh,175,75.0,,320.0,136,440,7.8,70.0,1500.0,456,5,RWD,D - Large,4921,1890,1491,Liftback Sedan,1,9.30069,13.86732879,15.0,426.6666666666667,D
Mercedes-Benz,CLA 250+,210,85.0,,335.0,122,565,6.7,235.0,1500.0,405,5,RWD,D - Large,4723,1855,1468,Sedan,1,8.761165,12.86139022,17.0,394.11764705882354,D
Mercedes-Benz,CLA 350 4MATIC,210,85.0,,515.0,126,550,4.9,235.0,1800.0,405,5,AWD,D - Large,4723,1855,1468,Sedan,1,8.761165,12.86139022,17.0,605.8823529411765,D
Mercedes-Benz,EQA 250,160,66.5,300.0,385.0,146,395,8.6,100.0,1500.0,340,5,FWD,JC - Medium,4463,1834,1620,SUV,0,8.185142,13.259930040000002,13.3,578.9473684210526,JC
Mercedes-Benz,EQA 250+,160,70.5,,385.0,142,420,8.6,90.0,1500.0,340,5,FWD,JC - Medium,4463,1834,1620,SUV,1,8.185142,13.259930040000002,14.1,546.0992907801418,JC
Mercedes-Benz,EQA 300 4MATIC,160,66.5,300.0,390.0,162,350,7.7,100.0,1800.0,340,5,AWD,JC - Medium,4463,1834,1620,SUV,0,8.185142,13.259930040000002,13.3,586.4661654135339,JC
Mercedes-Benz,EQA 350 4MATIC,160,66.5,300.0,520.0,162,350,6.0,100.0,1800.0,340,5,AWD,JC - Medium,4463,1834,1620,SUV,0,8.185142,13.259930040000002,13.3,781.9548872180451,JC
Mercedes-Benz,EQB 250+,160,70.5,,385.0,152,415,8.9,90.0,1400.0,495,7,FWD,JC - Medium,4684,1834,1667,SUV,1,8.590456000000001,14.320290152000002,10.071428571428571,546.0992907801418,JC
Mercedes-Benz,EQB 300 4MATIC,160,66.5,300.0,390.0,168,345,8.0,100.0,1700.0,495,7,AWD,JC - Medium,4684,1834,1667,SUV,0,8.590456000000001,14.320290152000002,9.5,586.4661654135339,JC
Mercedes-Benz,EQB 350 4MATIC,160,66.5,300.0,520.0,168,345,6.2,100.0,1700.0,495,7,AWD,JC - Medium,4684,1834,1667,SUV,0,8.590456000000001,14.320290152000002,9.5,781.9548872180451,JC
Mercedes-Benz,EQE 300,210,89.0,,550.0,163,525,7.3,120.0,750.0,430,5,RWD,E - Executive,4946,1906,1503,Sedan,1,9.427076,14.168895227999998,17.8,617.9775280898876,E
Mercedes-Benz,EQE 350 4MATIC,210,90.6,360.0,765.0,173,515,6.3,141.0,1700.0,430,5,AWD,E - Executive,4946,1906,1503,Sedan,0,9.427076,14.168895227999998,18.119999999999997,844.3708609271523,E
Mercedes-Benz,EQE 350+,210,96.0,,565.0,164,555,6.5,141.0,750.0,430,5,RWD,E - Executive,4946,1906,1510,Sedan,1,9.427076,14.23488476,19.2,588.5416666666667,E
Mercedes-Benz,EQE 500 4MATIC,210,90.6,360.0,858.0,173,505,4.7,141.0,1700.0,430,5,AWD,E - Executive,4946,1906,1503,Sedan,0,9.427076,14.168895227999998,18.119999999999997,947.019867549669,E
Mercedes-Benz,EQE AMG 43 4MATIC,210,90.6,360.0,858.0,207,450,4.2,141.0,1700.0,430,5,AWD,E - Executive,4964,1906,1495,Sedan,0,9.461384,14.144769080000001,18.119999999999997,947.019867549669,E
Mercedes-Benz,EQE AMG 53 4MATIC+,220,90.6,360.0,950.0,208,450,3.5,141.0,1700.0,430,5,AWD,E - Executive,4964,1906,1495,Sedan,0,9.461384,14.144769080000001,18.119999999999997,1048.5651214128036,E
Mercedes-Benz,EQE SUV 300,210,90.6,,550.0,182,450,7.6,141.0,750.0,520,5,RWD,JE - Executive,4863,1940,1685,SUV,1,9.43422,15.8966607,18.119999999999997,607.0640176600442,JE
Mercedes-Benz,EQE SUV 350 4MATIC,210,90.6,,765.0,189,435,6.6,141.0,1800.0,520,5,AWD,JE - Executive,4863,1940,1685,SUV,1,9.43422,15.8966607,18.119999999999997,844.3708609271523,JE
Mercedes-Benz,EQE SUV 350+,210,96.0,,565.0,164,475,6.9,141.0,750.0,520,5,RWD,JE - Executive,4863,1940,1685,SUV,1,9.43422,15.8966607,19.2,588.5416666666667,JE
Mercedes-Benz,EQE SUV 500 4MATIC,210,96.0,,858.0,187,455,4.9,141.0,1800.0,520,5,AWD,JE - Executive,4863,1940,1685,SUV,1,9.43422,15.8966607,19.2,893.75,JE
Mercedes-Benz,EQE SUV AMG 43 4MATIC,210,90.6,360.0,858.0,214,425,4.3,141.0,1800.0,520,5,AWD,JE - Executive,4879,1940,1672,SUV,0,9.465259999999999,15.825914719999998,18.119999999999997,947.019867549669,JE
Mercedes-Benz,EQE SUV AMG 53 4MATIC+,240,90.6,360.0,1000.0,242,420,3.5,141.0,1800.0,520,5,AWD,JE - Executive,4879,1940,1672,SUV,0,9.465259999999999,15.825914719999998,18.119999999999997,1103.7527593818986,JE
Mercedes-Benz,EQS 350,210,96.0,360.0,565.0,165,570,6.7,130.0,750.0,620,5,RWD,F - Luxury,5223,1926,1512,Sedan,0,10.059498,15.209960976,19.2,588.5416666666667,F
Mercedes-Benz,EQS 450 4MATIC,210,118.0,,800.0,180,655,5.7,160.0,1700.0,620,5,AWD,F - Luxury,5223,1926,1518,Sedan,1,10.059498,15.270317964,23.6,677.9661016949152,F
Mercedes-Benz,EQS 450+,210,118.0,,568.0,173,685,6.2,160.0,750.0,620,5,RWD,F - Luxury,5223,1926,1518,Sedan,1,10.059498,15.270317964,23.6,481.3559322033898,F
Mercedes-Benz,EQS 500 4MATIC,210,118.0,,828.0,180,640,4.9,160.0,1700.0,620,5,AWD,F - Luxury,5223,1926,1518,Sedan,1,10.059498,15.270317964,23.6,701.6949152542372,F
Mercedes-Benz,EQS 580 4MATIC,210,118.0,,858.0,180,640,4.4,160.0,1700.0,620,5,AWD,F - Luxury,5223,1926,1518,Sedan,1,10.059498,15.270317964,23.6,727.1186440677966,F
Mercedes-Benz,EQS AMG 53 4MATIC+,250,118.0,,1020.0,222,585,3.4,160.0,1700.0,620,5,AWD,F - Luxury,5223,1926,1518,Sedan,1,10.059498,15.270317964,23.6,864.4067796610169,F
Mercedes-Benz,EQS SUV 450 4MATIC,210,118.0,,800.0,199,530,6.1,160.0,1800.0,645,7,AWD,JF - Luxury,5125,1959,1718,SUV,1,10.039875,17.24850525,16.857142857142858,677.9661016949152,JF
Mercedes-Benz,EQS SUV 450+,210,118.0,,568.0,195,540,6.8,160.0,750.0,645,7,RWD,JF - Luxury,5125,1959,1718,SUV,1,10.039875,17.24850525,16.857142857142858,481.3559322033898,JF
Mercedes-Benz,EQS SUV 500 4MATIC,210,118.0,,828.0,199,530,5.3,160.0,1800.0,645,7,AWD,JF - Luxury,5125,1959,1718,SUV,1,10.039875,17.24850525,16.857142857142858,701.6949152542372,JF
Mercedes-Benz,EQS SUV 580 4MATIC,210,118.0,,858.0,199,530,4.7,160.0,1800.0,13 Banana Boxes,7,AWD,JF - Luxury,5125,1959,1718,SUV,1,10.039875,17.24850525,16.857142857142858,727.1186440677966,JF
Mercedes-Benz,EQS SUV Maybach 680,210,118.0,,950.0,211,490,4.4,160.0,1800.0,440,4,AWD,JF - Luxury,5125,1959,1725,SUV,1,10.039875,17.318784375,29.5,805.0847457627119,JF
Mercedes-Benz,EQT 200 Long,132,45.0,,245.0,177,220,13.3,50.0,1500.0,828,7,FWD,N - Passenger Van,4922,1859,1811,Small Passenger Van,1,9.149998,16.570646378,6.428571428571429,544.4444444444445,N
Mercedes-Benz,EQT 200 Standard,132,45.0,,245.0,167,225,12.6,50.0,1500.0,551,5,FWD,N - Passenger Van,4498,1859,1819,Small Passenger Van,1,8.361782,15.210081458,9.0,544.4444444444445,N
Mercedes-Benz,EQV 250 Extra-Long,160,60.0,192.0,365.0,282,210,12.0,60.0,0.0,1410,7,FWD,N - Passenger Van,5370,1928,1911,Small Passenger Van,0,10.35336,19.785270960000002,8.571428571428571,608.3333333333333,N
Mercedes-Benz,EQV 250 Long,160,60.0,192.0,365.0,282,215,12.0,60.0,0.0,1030,7,FWD,N - Passenger Van,5140,1928,1910,Small Passenger Van,0,9.90992,18.9279472,8.571428571428571,608.3333333333333,N
Mercedes-Benz,EQV 300 Extra-Long,140,90.0,288.0,365.0,249,315,12.2,96.0,0.0,1410,7,FWD,N - Passenger Van,5370,1928,1901,Small Passenger Van,0,10.35336,19.68173736,12.857142857142858,405.55555555555554,N
Mercedes-Benz,EQV 300 Long,160,90.0,288.0,365.0,276,320,12.1,96.0,0.0,1030,7,FWD,N - Passenger Van,5140,1928,1901,Small Passenger Van,0,9.90992,18.83875792,12.857142857142858,405.55555555555554,N
Mercedes-Benz,G 580,180,116.0,216.0,1164.0,267,360,4.7,150.0,0.0,555,5,AWD,JF - Luxury,4624,1931,1986,SUV,0,8.928944,17.732882783999997,23.2,1003.4482758620691,JF
Mercedes-Benz,eVito Tourer Extra-Long 60 kWh,160,60.0,192.0,360.0,254,215,12.0,60.0,0.0,1390,8,FWD,N - Passenger Van,5370,1928,1890,Small Passenger Van,0,10.35336,19.5678504,7.5,600.0,N
Mercedes-Benz,eVito Tourer Long 60 kWh,160,60.0,192.0,360.0,259,220,12.0,60.0,0.0,990,8,FWD,N - Passenger Van,5140,1928,1890,Small Passenger Van,0,9.90992,18.7297488,7.5,600.0,N
Mercedes-Benz,eVito Tourer Long 90 kWh,160,90.0,288.0,360.0,260,325,12.1,96.0,0.0,990,8,FWD,N - Passenger Van,5140,1928,1890,Small Passenger Van,0,9.90992,18.7297488,11.25,400.0,N
Mini,Aceman E,160,38.5,,290.0,129,230,7.9,60.0,750.0,300,5,FWD,JB - Compact,4079,1754,1514,SUV,1,7.154566,10.832012924,7.7,753.2467532467533,JB
Mini,Aceman JCW,200,49.2,,350.0,143,280,6.4,75.0,750.0,300,5,FWD,JB - Compact,4079,1754,1514,SUV,1,7.154566,10.832012924,9.84,711.3821138211382,JB
Mini,Aceman SE,170,49.2,,330.0,129,290,7.1,75.0,750.0,300,5,FWD,JB - Compact,4079,1754,1514,SUV,1,7.154566,10.832012924,9.84,670.7317073170732,JB
Mini,Cooper E,160,36.6,,290.0,125,250,7.3,60.0,0.0,200,4,FWD,B - Compact,3858,1756,1460,Hatchback,1,6.774648,9.89098608,9.15,792.3497267759562,B
Mini,Cooper JCW,200,49.2,,350.0,135,290,5.9,75.0,0.0,200,4,FWD,B - Compact,3858,1756,1460,Hatchback,1,6.774648,9.89098608,12.3,711.3821138211382,B
Mini,Cooper SE,170,49.2,,330.0,127,330,6.7,75.0,0.0,200,4,FWD,B - Compact,3858,1756,1460,Hatchback,1,6.774648,9.89098608,12.3,670.7317073170732,B
Mini,Countryman E,170,64.6,,250.0,140,380,8.6,94.0,750.0,460,5,FWD,JC - Medium,4433,1843,1656,SUV,1,8.170019,13.529551463999999,12.919999999999998,386.99690402476784,JC
Mini,Countryman SE ALL4,180,64.6,,494.0,149,365,5.6,94.0,1200.0,460,5,AWD,JC - Medium,4433,1843,1656,SUV,1,8.170019,13.529551463999999,12.919999999999998,764.7058823529412,JC
NIO,EL6 Long Range,200,90.0,96.0,700.0,170,435,4.5,135.0,1200.0,579,5,AWD,JE - Executive,4854,1995,1703,SUV,0,9.68373,16.491392190000003,18.0,777.7777777777777,JE
NIO,EL6 Standard Range,200,73.5,118.0,700.0,181,365,4.5,110.0,1200.0,579,5,AWD,JE - Executive,4854,1995,1703,SUV,0,9.68373,16.491392190000003,14.7,952.3809523809524,JE
NIO,EL7 Long Range,200,90.0,96.0,850.0,185,430,3.9,100.0,2000.0,570,5,AWD,JF - Luxury,4912,1987,1720,SUV,0,9.760144,16.78744768,18.0,944.4444444444445,JF
NIO,EL7 Standard Range,200,73.5,118.0,850.0,198,355,3.9,110.0,2000.0,570,5,AWD,JF - Luxury,4912,1987,1720,SUV,0,9.760144,16.78744768,14.7,1156.4625850340135,JF
NIO,EL8 Long Range,200,90.0,96.0,850.0,185,440,4.1,190.0,2000.0,265,6,AWD,JF - Luxury,5099,1989,1750,SUV,0,10.141911,17.748344250000002,15.0,944.4444444444445,JF
NIO,EL8 Standard Range,200,73.5,118.0,850.0,196,360,4.1,110.0,2000.0,265,6,AWD,JF - Luxury,5099,1989,1750,SUV,0,10.141911,17.748344250000002,12.25,1156.4625850340135,JF
NIO,ET5 Long Range,200,90.0,96.0,700.0,167,500,4.0,100.0,1400.0,386,5,AWD,E - Executive,4790,1960,1499,Sedan,0,9.3884,14.073211600000002,18.0,777.7777777777777,E
NIO,ET5 Standard Range,200,73.5,118.0,700.0,175,410,4.0,110.0,1400.0,386,5,AWD,E - Executive,4790,1960,1499,Sedan,0,9.3884,14.073211600000002,14.7,952.3809523809524,E
NIO,ET5 Touring Long Range,200,90.0,96.0,700.0,178,485,4.0,135.0,1400.0,450,5,AWD,E - Executive,4790,1960,1499,Station/Estate,0,9.3884,14.073211600000002,18.0,777.7777777777777,E
NIO,ET5 Touring Standard Range,200,73.5,118.0,700.0,169,400,4.0,110.0,1400.0,450,5,AWD,E - Executive,4790,1960,1499,Station/Estate,0,9.3884,14.073211600000002,14.7,952.3809523809524,E
NIO,ET7 Long Range,200,90.0,96.0,850.0,178,505,3.8,100.0,2000.0,363,5,AWD,F - Luxury,5101,1987,1509,Sedan,0,10.135687,15.294751683,18.0,944.4444444444445,F
NIO,ET7 Standard Range,200,73.5,118.0,850.0,191,415,3.8,110.0,2000.0,363,5,AWD,F - Luxury,5101,1987,1509,Sedan,0,10.135687,15.294751683,14.7,1156.4625850340135,F
Nissan,Ariya 63kWh,160,63.0,,300.0,175,335,7.5,90.0,750.0,468,5,FWD,JC - Medium,4595,1850,1660,SUV,1,8.50075,14.111244999999998,12.6,476.1904761904762,JC
Nissan,Ariya 87kWh,160,87.0,,300.0,169,450,7.6,110.0,750.0,468,5,FWD,JC - Medium,4595,1850,1660,SUV,1,8.50075,14.111244999999998,17.4,344.8275862068965,JC
Nissan,Ariya e-4ORCE 87kWh - 225 kW,200,87.0,,600.0,190,405,5.7,110.0,1500.0,415,5,AWD,JC - Medium,4595,1850,1660,SUV,1,8.50075,14.111244999999998,17.4,689.655172413793,JC
Nissan,Ariya e-4ORCE 87kWh - 320 kW Nismo,200,87.0,,600.0,209,385,5.0,110.0,,415,5,AWD,JC - Medium,4655,1850,1660,SUV,1,8.61175,14.295505,17.4,689.655172413793,JC
Nissan,Townstar EV Passenger,132,45.0,,245.0,158,225,12.6,50.0,1500.0,819,5,FWD,N - Passenger Van,4488,1860,1838,Small Passenger Van,1,8.34768,15.34303584,9.0,544.4444444444445,N
Nissan,Townstar EV Passenger L2,130,45.0,,245.0,173,220,13.3,50.0,1500.0,819,7,FWD,N - Passenger Van,4911,1860,1815,Small Passenger Van,1,9.134459999999999,16.579044899999996,6.428571428571429,544.4444444444445,N
Omoda,E5,172,61.0,,340.0,152,345,7.6,60.0,,380,5,FWD,JC - Medium,4424,1830,1588,SUV,1,8.095920000000001,12.856320960000003,12.2,557.3770491803278,JC
Opel,Astra Electric,170,50.8,102.0,270.0,128,320,9.2,85.0,0.0,352,5,FWD,C - Medium,4374,1860,1470,Hatchback,0,8.13564,11.9593908,10.16,531.496062992126,C
Opel,Astra Sports Tourer Electric,170,50.8,102.0,270.0,123,310,9.3,85.0,0.0,516,5,FWD,C - Medium,4642,1860,1480,Station/Estate,0,8.634120000000001,12.778497600000001,10.16,531.496062992126,C
Opel,Combo-e Life 50 kWh,135,50.0,,260.0,149,235,11.3,80.0,750.0,775,5,FWD,N - Passenger Van,4410,1921,1812,Small Passenger Van,1,8.47161,15.35055732,10.0,520.0,N
Opel,Combo-e Life XL 50 kWh,135,50.0,,260.0,149,230,11.3,80.0,750.0,1050,7,FWD,N - Passenger Van,4760,1921,1818,Small Passenger Van,1,9.14396,16.62371928,7.142857142857143,520.0,N
Opel,Corsa Electric 50 kWh,150,46.3,216.0,260.0,131,290,8.7,78.0,0.0,267,5,FWD,B - Compact,4061,1765,1435,Hatchback,0,7.1676649999999995,10.285599275,9.26,561.5550755939526,B
Opel,Corsa Electric 51 kWh,150,48.1,96.0,260.0,120,315,8.1,80.0,0.0,267,5,FWD,B - Compact,4061,1765,1435,Hatchback,0,7.1676649999999995,10.285599275,9.620000000000001,540.5405405405405,B
Opel,Frontera 44 kWh,140,44.0,,120.0,144,245,12.1,60.0,350.0,460,5,FWD,JB - Compact,4385,1795,1635,SUV,1,7.871074999999999,12.869207625,8.8,272.7272727272727,JB
Opel,Grandland 73 kWh,170,73.0,96.0,260.0,145,365,9.0,90.0,1200.0,550,5,FWD,JC - Medium,4650,1934,1665,SUV,0,8.9931,14.9735115,14.6,356.16438356164383,JC
Opel,Grandland 82 kWh,170,82.2,,260.0,146,410,9.0,100.0,1200.0,550,5,FWD,JC - Medium,4650,1934,1665,SUV,1,8.9931,14.9735115,16.44,316.301703163017,JC
Opel,Mokka Electric,150,50.8,102.0,260.0,126,285,9.0,85.0,0.0,310,5,FWD,JB - Compact,4151,1790,1534,SUV,0,7.430289999999999,11.39806486,10.16,511.8110236220473,JB
Opel,Zafira-e Life L2 50 kWh,130,46.3,216.0,270.0,217,180,13.3,78.0,1000.0,603,9,FWD,N - Passenger Van,4983,1920,1890,Small Passenger Van,0,9.567359999999999,18.082310399999997,5.144444444444444,583.1533477321815,N
Opel,Zafira-e Life L2 75 kWh,130,68.0,324.0,270.0,202,260,14.2,79.0,1000.0,603,9,FWD,N - Passenger Van,4983,1920,1890,Small Passenger Van,0,9.567359999999999,18.082310399999997,7.555555555555555,397.05882352941177,N
Opel,Zafira-e Life L3 50 kWh,130,46.3,216.0,270.0,219,180,13.3,78.0,1000.0,989,9,FWD,N - Passenger Van,5333,1920,1890,Small Passenger Van,0,10.23936,19.352390399999997,5.144444444444444,583.1533477321815,N
Opel,Zafira-e Life L3 75 kWh,130,68.0,324.0,260.0,204,260,14.2,79.0,1000.0,989,9,FWD,N - Passenger Van,5333,1920,1890,Small Passenger Van,0,10.23936,19.352390399999997,7.555555555555555,382.3529411764706,N
Peugeot,e-2008 50 kWh,150,46.3,216.0,260.0,136,270,9.9,78.0,0.0,434,5,FWD,JB - Compact,4304,1775,1523,SUV,0,7.6396,11.6351108,9.26,561.5550755939526,JB
Peugeot,e-2008 54 kWh,150,50.8,102.0,260.0,125,300,9.1,85.0,0.0,434,5,FWD,JB - Compact,4304,1775,1523,SUV,0,7.6396,11.6351108,10.16,511.8110236220473,JB
Peugeot,e-208 50 kWh,150,46.3,216.0,260.0,132,290,9.0,78.0,0.0,265,5,FWD,B - Compact,4055,1765,1430,Hatchback,0,7.157074999999999,10.234617249999998,9.26,561.5550755939526,B
Peugeot,e-208 51 kWh,150,48.1,96.0,260.0,120,310,8.2,80.0,0.0,265,5,FWD,B - Compact,4055,1765,1430,Hatchback,0,7.157074999999999,10.234617249999998,9.620000000000001,540.5405405405405,B
Peugeot,e-3008 73 kWh,170,73.0,96.0,345.0,143,380,8.8,90.0,1250.0,588,5,FWD,JC - Medium,4542,1895,1641,SUV,0,8.60709,14.12423469,14.6,472.6027397260274,JC
Peugeot,e-3008 73 kWh Dual Motor,170,73.0,96.0,511.0,195,375,6.4,90.0,,588,5,AWD,JC - Medium,4542,1895,1641,SUV,0,8.60709,14.12423469,14.6,700.0,JC
Peugeot,e-3008 97 kWh Long Range,170,96.9,,345.0,145,500,8.7,135.0,1200.0,588,5,FWD,JC - Medium,4542,1895,1641,SUV,1,8.60709,14.12423469,19.380000000000003,356.03715170278633,JC
Peugeot,e-308,170,50.8,102.0,260.0,124,300,9.8,80.0,0.0,412,5,FWD,C - Medium,4367,1852,1441,Hatchback,0,8.087684000000001,11.654352644000003,10.16,511.8110236220473,C
Peugeot,e-308 SW,150,50.8,102.0,260.0,127,300,10.0,80.0,,608,5,FWD,C - Medium,4636,1852,1442,Station/Estate,0,8.585872,12.380827424,10.16,511.8110236220473,C
Peugeot,e-408 58 kWh,160,58.3,,345.0,129,375,7.2,70.0,,471,5,FWD,JD - Large,4687,1859,1478,SUV,1,8.713133000000001,12.878010574000001,11.66,591.7667238421956,JD
Peugeot,e-5008 73 kWh,170,73.0,96.0,345.0,150,370,9.7,90.0,1000.0,348,7,FWD,JD - Large,4791,1895,1694,SUV,0,9.078945000000001,15.379732830000002,10.428571428571429,472.6027397260274,JD
Peugeot,e-5008 73 kWh Dual Motor,170,73.0,96.0,511.0,203,360,7.0,90.0,,348,7,AWD,JD - Large,4791,1895,1694,SUV,0,9.078945000000001,15.379732830000002,10.428571428571429,700.0,JD
Peugeot,e-5008 97 kWh Long Range,170,96.9,,345.0,152,485,9.6,135.0,1000.0,348,7,FWD,JD - Large,4791,1895,1694,SUV,1,9.078945000000001,15.379732830000002,13.842857142857143,356.03715170278633,JD
Peugeot,e-Rifter M 50 kWh,132,50.0,,270.0,152,235,11.7,80.0,750.0,775,5,FWD,N - Passenger Van,4403,1921,1818,Small Passenger Van,1,8.458162999999999,15.376940333999999,10.0,540.0,N
Peugeot,e-Rifter XL 50 kWh,132,50.0,,270.0,153,230,11.7,80.0,750.0,1050,7,FWD,N - Passenger Van,4755,1921,1837,Small Passenger Van,1,9.134355,16.779810134999998,7.142857142857143,540.0,N
Peugeot,e-Traveller L2 50 kWh,130,46.3,216.0,270.0,217,180,13.3,78.0,1000.0,603,9,FWD,N - Passenger Van,4983,1920,1890,Small Passenger Van,0,9.567359999999999,18.082310399999997,5.144444444444444,583.1533477321815,N
Peugeot,e-Traveller L2 75 kWh,130,68.0,324.0,270.0,202,260,14.2,79.0,1000.0,603,9,FWD,N - Passenger Van,4983,1920,1890,Small Passenger Van,0,9.567359999999999,18.082310399999997,7.555555555555555,397.05882352941177,N
Peugeot,e-Traveller L3 50 kWh,130,46.3,216.0,270.0,219,180,13.3,78.0,1000.0,989,9,FWD,N - Passenger Van,5333,1920,1890,Small Passenger Van,0,10.23936,19.352390399999997,5.144444444444444,583.1533477321815,N
Peugeot,e-Traveller L3 75 kWh,130,68.0,324.0,270.0,204,260,14.2,79.0,1000.0,989,9,FWD,N - Passenger Van,5333,1920,1890,Small Passenger Van,0,10.23936,19.352390399999997,7.555555555555555,397.05882352941177,N
Polestar,2 Long Range Dual Motor (MY26),205,79.0,324.0,740.0,142,455,4.5,125.0,1500.0,407,5,AWD,D - Large,4606,1859,1479,Liftback Sedan,0,8.562554,12.664017366000001,15.8,936.7088607594937,D
Polestar,2 Long Range Performance (MY26),205,79.0,324.0,740.0,142,450,4.2,125.0,1500.0,407,5,AWD,D - Large,4606,1859,1473,Liftback Sedan,0,8.562554,12.612642042000001,15.8,936.7088607594937,D
Polestar,2 Long Range Single Motor (MY26),205,79.0,324.0,490.0,130,475,6.2,125.0,1500.0,407,5,RWD,D - Large,4606,1859,1479,Liftback Sedan,0,8.562554,12.664017366000001,15.8,620.253164556962,D
Polestar,2 Standard Range Single Motor (MY26),205,67.0,,490.0,129,405,6.4,110.0,1500.0,407,5,RWD,D - Large,4606,1859,1479,Liftback Sedan,1,8.562554,12.664017366000001,13.4,731.3432835820896,D
Polestar,3 Long Range Dual motor,210,107.0,204.0,840.0,183,515,5.0,150.0,2200.0,484,5,AWD,JE - Executive,4900,1968,1614,SUV,0,9.6432,15.564124800000002,21.4,785.0467289719626,JE
Polestar,3 Long Range Performance,210,107.0,204.0,910.0,194,495,4.7,150.0,2200.0,484,5,AWD,JE - Executive,4900,1968,1614,SUV,0,9.6432,15.564124800000002,21.4,850.4672897196261,JE
Polestar,3 Long Range Single motor,180,107.0,204.0,490.0,166,530,7.8,150.0,1500.0,484,5,RWD,JE - Executive,4900,1968,1614,SUV,0,9.6432,15.564124800000002,21.4,457.94392523364485,JE
Polestar,4 Long Range Dual Motor,200,94.0,110.0,686.0,165,485,3.8,135.0,2000.0,526,5,AWD,E - Executive,4839,2008,1544,Liftback Sedan,0,9.716712000000001,15.002603328000003,18.8,729.7872340425532,E
Polestar,4 Long Range Single Motor,180,94.0,110.0,343.0,157,495,7.4,135.0,1500.0,526,5,RWD,E - Executive,4839,2008,1544,Liftback Sedan,0,9.716712000000001,15.002603328000003,18.8,364.8936170212766,E
Porsche,Macan 4 Electric,220,95.0,180.0,650.0,184,470,5.2,200.0,2000.0,540,5,AWD,JD - Large,4784,1938,1622,SUV,0,9.271391999999999,15.038197824,19.0,684.2105263157895,JD
Porsche,Macan 4S Electric,240,95.0,180.0,820.0,186,470,4.1,200.0,2000.0,540,5,AWD,JD - Large,4784,1938,1622,SUV,0,9.271391999999999,15.038197824,19.0,863.1578947368421,JD
Porsche,Macan Electric,220,95.0,180.0,563.0,177,495,5.7,200.0,2000.0,540,5,RWD,JD - Large,4784,1938,1623,SUV,0,9.271391999999999,15.047469215999998,19.0,592.6315789473684,JD
Porsche,Macan Turbo Electric,260,95.0,180.0,1001.0,183,460,3.3,200.0,2000.0,480,5,AWD,JD - Large,4784,1938,1621,SUV,0,9.271391999999999,15.028926431999999,19.0,1053.6842105263158,JD
Porsche,Taycan,230,82.3,,410.0,164,495,4.8,195.0,0.0,407,5,RWD,F - Luxury,4963,1966,1379,Sedan,1,9.757258,13.455258782,16.46,498.17739975698663,F
Porsche,Taycan 4,230,82.3,,585.0,172,490,4.6,195.0,0.0,407,5,AWD,F - Luxury,4963,1966,1379,Sedan,1,9.757258,13.455258782,16.46,710.8140947752127,F
Porsche,Taycan 4 Cross Turismo,220,97.0,396.0,610.0,188,510,4.7,281.0,0.0,446,5,AWD,F - Luxury,4974,1967,1409,Station/Estate,0,9.783858,13.785455922,19.4,628.8659793814433,F
Porsche,Taycan 4 Plus,230,97.0,396.0,610.0,175,565,4.6,281.0,0.0,407,5,AWD,F - Luxury,4963,1966,1379,Sedan,0,9.757258,13.455258782,19.4,628.8659793814433,F
Porsche,Taycan 4S,250,82.3,,695.0,174,490,3.7,195.0,0.0,407,5,AWD,F - Luxury,4963,1966,1379,Sedan,1,9.757258,13.455258782,16.46,844.4714459295261,F
Porsche,Taycan 4S Cross Turismo,240,97.0,396.0,710.0,188,510,3.8,281.0,0.0,446,5,AWD,F - Luxury,4974,1967,1409,Station/Estate,0,9.783858,13.785455922,19.4,731.9587628865979,F
Porsche,Taycan 4S Plus,250,97.0,396.0,710.0,177,565,3.7,281.0,0.0,407,5,AWD,F - Luxury,4963,1966,1379,Sedan,0,9.757258,13.455258782,19.4,731.9587628865979,F
Porsche,Taycan 4S Plus Sport Turismo,250,97.0,396.0,710.0,186,510,3.7,281.0,0.0,446,5,AWD,F - Luxury,4963,1966,1390,Station/Estate,0,9.757258,13.56258862,19.4,731.9587628865979,F
Porsche,Taycan 4S Sport Turismo,250,82.3,,695.0,183,440,3.7,195.0,0.0,446,5,AWD,F - Luxury,4963,1966,1390,Station/Estate,1,9.757258,13.56258862,16.46,844.4714459295261,F
Porsche,Taycan GTS,250,97.0,396.0,790.0,176,535,3.3,281.0,0.0,366,5,AWD,F - Luxury,4963,1966,1381,Sedan,0,9.757258,13.474773298,19.4,814.4329896907216,F
Porsche,Taycan GTS Sport Turismo,250,97.0,396.0,790.0,185,505,3.3,281.0,0.0,405,5,AWD,F - Luxury,4963,1966,1392,Station/Estate,0,9.757258,13.582103135999999,19.4,814.4329896907216,F
Porsche,Taycan Plus,230,97.0,396.0,420.0,168,575,4.8,281.0,0.0,407,5,RWD,F - Luxury,4963,1966,1379,Sedan,0,9.757258,13.455258782,19.4,432.9896907216495,F
Porsche,Taycan Plus Sport Turismo,230,97.0,396.0,420.0,176,530,4.8,281.0,0.0,446,5,RWD,F - Luxury,4963,1966,1390,Station/Estate,0,9.757258,13.56258862,19.4,432.9896907216495,F
Porsche,Taycan Sport Turismo,230,82.3,,410.0,173,460,4.8,195.0,0.0,446,5,RWD,F - Luxury,4963,1966,1390,Station/Estate,1,9.757258,13.56258862,16.46,498.17739975698663,F
Porsche,Taycan Turbo,260,97.0,396.0,940.0,174,535,2.7,281.0,0.0,366,5,AWD,F - Luxury,4963,1966,1379,Sedan,0,9.757258,13.455258782,19.4,969.0721649484535,F
Porsche,Taycan Turbo Cross Turismo,250,97.0,396.0,940.0,188,495,2.8,281.0,0.0,405,5,AWD,F - Luxury,4974,1967,1412,Station/Estate,0,9.783858,13.814807496,19.4,969.0721649484535,F
Porsche,Taycan Turbo GT,290,97.0,396.0,1340.0,184,475,2.3,281.0,0.0,326,5,AWD,F - Luxury,4968,1966,1378,Sedan,0,9.767088,13.459047263999999,19.4,1381.4432989690722,F
Porsche,Taycan Turbo GT Weissach,305,97.0,396.0,1340.0,180,475,2.2,281.0,0.0,367,2,AWD,F - Luxury,4968,1966,1378,Sedan,0,9.767088,13.459047263999999,48.5,1381.4432989690722,F
Porsche,Taycan Turbo S,260,97.0,396.0,1110.0,174,525,2.4,281.0,0.0,366,5,AWD,F - Luxury,4963,1966,1378,Sedan,0,9.757258,13.445501523999999,19.4,1144.3298969072166,F
Porsche,Taycan Turbo S Cross Turismo,250,97.0,396.0,1110.0,188,485,2.5,281.0,0.0,405,5,AWD,F - Luxury,4974,1967,1407,Station/Estate,0,9.783858,13.765888206000001,19.4,1144.3298969072166,F
Porsche,Taycan Turbo S Sport Turismo,260,97.0,396.0,1110.0,183,505,2.4,281.0,0.0,405,5,AWD,F - Luxury,4963,1966,1388,Station/Estate,0,9.757258,13.543074103999999,19.4,1144.3298969072166,F
Porsche,Taycan Turbo Sport Turismo,260,97.0,396.0,940.0,184,505,2.7,281.0,0.0,405,5,AWD,F - Luxury,4963,1966,1392,Station/Estate,0,9.757258,13.582103135999999,19.4,969.0721649484535,F
Renault,4 E-Tech 40kWh 120hp,150,40.0,93.0,225.0,124,245,9.2,55.0,750.0,420,5,FWD,JB - Compact,4143,1796,1552,SUV,0,7.440828,11.548165056,8.0,562.5,JB
Renault,4 E-Tech 52kWh 150hp,150,52.0,184.0,245.0,127,315,8.2,70.0,750.0,420,5,FWD,JB - Compact,4143,1796,1552,SUV,0,7.440828,11.548165056,10.4,471.1538461538462,JB
Renault,5 E-Tech 40kWh 120hp,150,40.0,93.0,225.0,132,250,9.0,55.0,500.0,326,5,FWD,B - Compact,3922,1808,1489,Hatchback,0,7.090976,10.558463264000002,8.0,562.5,B
Renault,5 E-Tech 40kWh 95hp,130,40.0,93.0,215.0,129,255,12.0,,500.0,326,5,FWD,B - Compact,3922,1808,1489,Hatchback,0,7.090976,10.558463264000002,8.0,537.5,B
Renault,5 E-Tech 52kWh 150hp,150,52.0,184.0,245.0,129,320,8.0,70.0,500.0,326,5,FWD,B - Compact,3922,1808,1489,Hatchback,0,7.090976,10.558463264000002,10.4,471.1538461538462,B
Renault,Kangoo E-Tech Electric,135,45.0,,245.0,158,225,12.6,50.0,1500.0,950,5,FWD,N - Passenger Van,4486,1860,1838,Small Passenger Van,1,8.34396,15.336198479999998,9.0,544.4444444444445,N
Renault,Kangoo Grand E-Tech Electric,130,45.0,,245.0,170,220,13.3,50.0,1500.0,500,7,FWD,N - Passenger Van,4911,1860,1815,Small Passenger Van,1,9.134459999999999,16.579044899999996,6.428571428571429,544.4444444444445,N
Renault,Megane E-Tech EV60 130hp (TU2025),150,60.0,288.0,250.0,125,380,10.5,88.0,500.0,440,5,FWD,C - Medium,4200,1860,1505,Hatchback,0,7.812000000000001,11.757060000000001,12.0,416.6666666666667,C
Renault,Megane E-Tech EV60 220hp (TU2025),160,60.0,288.0,300.0,133,380,7.4,88.0,900.0,440,5,FWD,C - Medium,4200,1860,1505,Hatchback,0,7.812000000000001,11.757060000000001,12.0,500.0,C
Renault,Scenic E-Tech EV60 170hp,150,60.0,192.0,280.0,144,340,8.6,75.0,1100.0,545,5,FWD,JC - Medium,4470,1864,1571,SUV,0,8.33208,13.089697679999999,12.0,466.6666666666667,JC
Renault,Scenic E-Tech EV87 220hp,170,87.0,288.0,300.0,143,480,7.9,95.0,1100.0,545,5,FWD,JC - Medium,4470,1864,1571,SUV,0,8.33208,13.089697679999999,17.4,344.8275862068965,JC
Rolls-Royce,Spectre,250,102.0,,900.0,192,465,4.5,126.0,,380,4,AWD,I - Luxury,5453,2080,1559,Coupe,1,11.34224,17.68255216,25.5,882.3529411764706,I
Skoda,Elroq 50,160,52.0,192.0,310.0,149,310,9.0,90.0,1000.0,470,5,RWD,JC - Medium,4488,1884,1625,SUV,0,8.455392,13.740012,10.4,596.1538461538462,JC
Skoda,Elroq 60,160,59.0,216.0,310.0,149,350,8.5,110.0,1000.0,470,5,RWD,JC - Medium,4488,1884,1625,SUV,0,8.455392,13.740012,11.8,525.4237288135594,JC
Skoda,Elroq 85,180,77.0,288.0,545.0,145,450,6.6,120.0,1000.0,470,5,RWD,JC - Medium,4488,1884,1625,SUV,0,8.455392,13.740012,15.4,707.7922077922078,JC
Skoda,Elroq RS,180,79.0,288.0,679.0,151,450,5.4,135.0,1200.0,470,5,AWD,JC - Medium,4488,1884,1608,SUV,0,8.455392,13.596270336,15.8,859.493670886076,JC
Skoda,Enyaq 60,160,59.0,216.0,310.0,145,360,8.1,110.0,1000.0,585,5,RWD,JC - Medium,4658,1879,1622,SUV,0,8.752382,14.196363604000002,11.8,525.4237288135594,JC
Skoda,Enyaq 85,180,77.0,288.0,545.0,141,455,6.7,120.0,1000.0,585,5,RWD,JC - Medium,4658,1879,1622,SUV,0,8.752382,14.196363604000002,15.4,707.7922077922078,JC
Skoda,Enyaq 85x,180,77.0,288.0,679.0,150,450,6.7,120.0,1200.0,585,5,AWD,JC - Medium,4658,1879,1620,SUV,0,8.752382,14.178858840000002,15.4,881.8181818181819,JC
Skoda,Enyaq Coupe 60,160,59.0,216.0,310.0,141,370,8.1,110.0,1000.0,570,5,RWD,JC - Medium,4658,1879,1623,SUV,0,8.752382,14.205115986000001,11.8,525.4237288135594,JC
Skoda,Enyaq Coupe 85,180,77.0,288.0,545.0,138,470,6.7,120.0,1000.0,570,5,RWD,JC - Medium,4658,1879,1623,SUV,0,8.752382,14.205115986000001,15.4,707.7922077922078,JC
Skoda,Enyaq Coupe 85x,180,77.0,288.0,679.0,146,460,6.7,120.0,1200.0,570,5,AWD,JC - Medium,4658,1879,1621,SUV,0,8.752382,14.187611222000001,15.4,881.8181818181819,JC
Skoda,Enyaq Coupe RS,180,79.0,288.0,679.0,143,470,5.4,135.0,1200.0,570,5,AWD,JC - Medium,4660,1879,1608,SUV,0,8.75614,14.079873120000002,15.8,859.493670886076,JC
Skoda,Enyaq RS,180,79.0,288.0,679.0,147,460,5.4,135.0,1200.0,585,5,AWD,JC - Medium,4660,1879,1607,SUV,0,8.75614,14.071116980000001,15.8,859.493670886076,JC
Skywell,BE11 Long Range,150,81.0,,320.0,166,390,9.6,50.0,,467,5,FWD,JD - Large,4720,1908,1696,SUV,1,9.005759999999999,15.273768959999998,16.2,395.0617283950617,JD
Skywell,BE11 Standard Range,150,68.0,,320.0,149,330,9.6,50.0,,467,5,FWD,JD - Large,4720,1908,1696,SUV,1,9.005759999999999,15.273768959999998,13.6,470.5882352941177,JD
Smart,#1 Brabus,180,62.0,,584.0,155,325,3.9,100.0,1600.0,313,5,AWD,JB - Compact,4300,1822,1636,SUV,1,7.8346,12.817405599999999,12.4,941.9354838709678,JB
Smart,#1 Premium,180,62.0,,343.0,141,335,6.7,100.0,1600.0,323,5,RWD,JB - Compact,4270,1822,1636,SUV,1,7.77994,12.727981839999998,12.4,553.2258064516129,JB
Smart,#1 Pro,180,47.0,,343.0,152,250,6.7,65.0,0.0,323,5,RWD,JB - Compact,4270,1822,1636,SUV,1,7.77994,12.727981839999998,9.4,729.7872340425532,JB
Smart,#1 Pro+,180,62.0,,343.0,148,335,6.7,100.0,1600.0,323,5,RWD,JB - Compact,4270,1822,1636,SUV,1,7.77994,12.727981839999998,12.4,553.2258064516129,JB
Smart,#1 Pulse,180,62.0,,584.0,155,325,4.5,100.0,1600.0,313,5,AWD,JB - Compact,4300,1822,1636,SUV,1,7.8346,12.817405599999999,12.4,941.9354838709678,JB
Smart,#1 Pure,180,47.0,,343.0,152,250,6.7,65.0,0.0,323,5,RWD,JB - Compact,4270,1822,1636,SUV,1,7.77994,12.727981839999998,9.4,729.7872340425532,JB
Smart,#1 Pure+,180,62.0,,343.0,148,335,6.7,100.0,1600.0,323,5,RWD,JB - Compact,4270,1822,1636,SUV,1,7.77994,12.727981839999998,12.4,553.2258064516129,JB
Smart,#3 Brabus,180,62.0,,543.0,149,335,3.7,100.0,1600.0,370,5,AWD,JB - Compact,4400,1844,1556,SUV,1,8.113600000000002,12.624761600000003,12.4,875.8064516129032,JB
Smart,#3 Premium,180,62.0,,343.0,136,355,5.8,110.0,1600.0,370,5,RWD,JB - Compact,4400,1844,1556,SUV,1,8.113600000000002,12.624761600000003,12.4,553.2258064516129,JB
Smart,#3 Pro,180,47.0,,343.0,145,265,5.9,65.0,0.0,370,5,RWD,JB - Compact,4400,1844,1556,SUV,1,8.113600000000002,12.624761600000003,9.4,729.7872340425532,JB
Smart,#3 Pro+,180,62.0,,343.0,143,355,5.8,110.0,1600.0,370,5,RWD,JB - Compact,4400,1844,1556,SUV,1,8.113600000000002,12.624761600000003,12.4,553.2258064516129,JB
Smart,#5 Brabus,210,94.0,,710.0,174,450,3.8,230.0,1600.0,630,5,AWD,JD - Large,4695,1920,1705,SUV,1,9.0144,15.369552,18.8,755.3191489361702,JD
Smart,#5 Premium,200,94.0,,373.0,159,465,6.5,230.0,1600.0,630,5,RWD,JD - Large,4695,1920,1705,SUV,1,9.0144,15.369552,18.8,396.8085106382979,JD
Smart,#5 Pro,200,74.4,,373.0,160,370,6.9,110.0,1600.0,630,5,RWD,JD - Large,4695,1920,1705,SUV,1,9.0144,15.369552,14.88,501.3440860215053,JD
Smart,#5 Pro+,200,94.0,,373.0,159,465,6.5,230.0,1600.0,630,5,RWD,JD - Large,4695,1920,1705,SUV,1,9.0144,15.369552,18.8,396.8085106382979,JD
Smart,#5 Pulse,200,94.0,,643.0,174,455,4.9,230.0,1600.0,630,5,AWD,JD - Large,4695,1920,1705,SUV,1,9.0144,15.369552,18.8,684.0425531914893,JD
Smart,#5 Summit Edition,200,94.0,,643.0,174,455,4.9,230.0,1600.0,630,5,AWD,JD - Large,4695,1920,1705,SUV,1,9.0144,15.369552,18.8,684.0425531914893,JD
Subaru,Solterra AWD,160,64.0,96.0,336.0,154,320,6.9,100.0,750.0,441,5,AWD,JC - Medium,4690,1860,1650,SUV,0,8.723400000000002,14.393610000000002,12.8,525.0,JC
Tesla,Model 3 Long Range AWD (Highland),201,75.0,4416.0,493.0,119,525,4.4,124.0,1000.0,594,5,AWD,D - Large,4720,1849,1441,Sedan,0,8.727279999999999,12.576010479999999,15.0,657.3333333333334,D
Tesla,Model 3 Long Range RWD (Highland),201,75.0,4416.0,450.0,117,545,5.2,124.0,1000.0,594,5,RWD,D - Large,4720,1849,1441,Sedan,0,8.727279999999999,12.576010479999999,15.0,600.0,D
Tesla,Model 3 Performance (Highland),262,75.0,4416.0,741.0,142,490,3.2,124.0,0.0,594,5,AWD,D - Large,4720,1849,1431,Sedan,0,8.727279999999999,12.488737679999998,15.0,988.0000000000001,D
Tesla,Model 3 RWD (Highland CATL LFP64),201,60.5,,420.0,116,445,6.1,110.0,1000.0,594,5,RWD,D - Large,4720,1849,1441,Sedan,1,8.727279999999999,12.576010479999999,12.1,694.2148760330579,D
Tesla,Model S Dual Motor,250,95.0,7920.0,,150,575,3.2,140.0,1600.0,709,5,AWD,F - Luxury,5021,1987,1431,Liftback Sedan,0,9.976727,14.276696337,19.0,,F
Tesla,Model S Plaid,282,95.0,7920.0,,158,560,2.3,140.0,1600.0,709,5,AWD,F - Luxury,5021,1987,1431,Liftback Sedan,0,9.976727,14.276696337,19.0,,F
Tesla,Model X Dual Motor,250,95.0,7920.0,,165,485,3.9,140.0,2250.0,425,7,AWD,JF - Luxury,5057,1999,1680,SUV,0,10.108943000000002,16.983024240000002,13.571428571428571,,JF
Tesla,Model X Plaid,262,95.0,7920.0,,180,465,2.7,140.0,2250.0,425,7,AWD,JF - Luxury,5057,1999,1680,SUV,0,10.108943000000002,16.983024240000002,13.571428571428571,,JF
Tesla,Model Y Long Range AWD (Juniper),201,75.0,4416.0,493.0,132,455,4.8,124.0,1600.0,854,5,AWD,JD - Large,4790,1982,1624,SUV,0,9.49378,15.41789872,15.0,657.3333333333334,JD
Tesla,Model Y Long Range RWD (Juniper),201,75.0,4416.0,450.0,121,470,5.6,124.0,1600.0,854,5,RWD,JD - Large,4790,1982,1624,SUV,0,9.49378,15.41789872,15.0,600.0,JD
Tesla,Model Y RWD (Juniper),201,60.5,,420.0,121,375,5.9,110.0,1600.0,854,5,RWD,JD - Large,4790,1982,1624,SUV,1,9.49378,15.41789872,12.1,694.2148760330579,JD
Toyota,PROACE Verso L 75 kWh,130,68.0,324.0,260.0,204,260,13.3,79.0,1000.0,989,9,FWD,N - Passenger Van,5333,1920,1890,Small Passenger Van,0,10.23936,19.352390399999997,7.555555555555555,382.3529411764706,N
Toyota,PROACE Verso M 50 kWh,130,46.3,216.0,260.0,217,180,12.1,78.0,1000.0,603,9,FWD,N - Passenger Van,4983,1920,1890,Small Passenger Van,0,9.567359999999999,18.082310399999997,5.144444444444444,561.5550755939526,N
Toyota,PROACE Verso M 75 kWh,130,68.0,324.0,260.0,202,260,13.3,79.0,1000.0,603,9,FWD,N - Passenger Van,4983,1920,1890,Small Passenger Van,0,9.567359999999999,18.082310399999997,7.555555555555555,382.3529411764706,N
Toyota,Proace City Verso Electric L1 50 kWh,132,50.0,,260.0,149,235,11.7,80.0,750.0,775,5,FWD,N - Passenger Van,4403,1921,1803,Small Passenger Van,1,8.458162999999999,15.250067888999997,10.0,520.0,N
Toyota,Proace City Verso Electric L2 50 kWh,132,50.0,,260.0,149,230,11.7,80.0,750.0,1050,7,FWD,N - Passenger Van,4753,1921,1814,Small Passenger Van,1,9.130513,16.562750582000003,7.142857142857143,520.0,N
Toyota,bZ4X AWD,160,64.0,96.0,336.0,154,345,6.9,100.0,750.0,452,5,AWD,JC - Medium,4690,1860,1600,SUV,0,8.723400000000002,13.957440000000004,12.8,525.0,JC
Toyota,bZ4X FWD,160,64.0,96.0,265.0,145,350,7.5,100.0,750.0,452,5,FWD,JC - Medium,4690,1860,1600,SUV,0,8.723400000000002,13.957440000000004,12.8,414.0625,JC
VinFast,VF 8 Eco Extended Range,200,87.7,,500.0,186,405,5.9,120.0,1800.0,376,5,AWD,JD - Large,4750,1934,1667,SUV,1,9.1865,15.313895500000001,17.54,570.1254275940706,JD
VinFast,VF 8 Plus Extended Range,200,87.7,,620.0,196,400,5.5,120.0,1800.0,376,5,AWD,JD - Large,4750,1934,1667,SUV,1,9.1865,15.313895500000001,17.54,706.9555302166476,JD
Volkswagen,ID. Buzz LWB GTX,160,86.0,312.0,560.0,182,350,6.5,145.0,1600.0,1340,7,AWD,N - Passenger Van,4960,1985,1927,Small Passenger Van,0,9.845600000000001,18.9724712,12.285714285714286,651.1627906976744,N
Volkswagen,ID. Buzz LWB Pro,160,86.0,312.0,560.0,190,370,7.9,145.0,1000.0,1340,7,RWD,N - Passenger Van,4962,1985,1924,Small Passenger Van,0,9.84957,18.95057268,12.285714285714286,651.1627906976744,N
Volkswagen,ID. Buzz NWB GTX,160,79.0,288.0,560.0,194,330,6.5,135.0,1800.0,1121,6,AWD,N - Passenger Van,4712,1985,1925,Small Passenger Van,0,9.35332,18.005141000000002,13.166666666666666,708.8607594936708,N
Volkswagen,ID. Buzz NWB Pro,160,79.0,288.0,560.0,187,360,7.6,135.0,1200.0,1121,6,RWD,N - Passenger Van,4712,1985,1927,Small Passenger Van,0,9.35332,18.02384764,13.166666666666666,708.8607594936708,N
Volkswagen,ID. Buzz NWB Pure,145,59.0,216.0,310.0,178,275,10.7,110.0,1000.0,1121,6,RWD,N - Passenger Van,4712,1985,1927,Small Passenger Van,0,9.35332,18.02384764,9.833333333333334,525.4237288135594,N
Volkswagen,ID.3 GTX,180,79.0,288.0,545.0,131,470,5.9,135.0,0.0,385,5,RWD,C - Medium,4322,1809,1538,Hatchback,0,7.818498,12.024849924,15.8,689.873417721519,C
Volkswagen,ID.3 GTX Performance,200,79.0,288.0,545.0,131,465,5.6,135.0,0.0,385,5,RWD,C - Medium,4322,1809,1538,Hatchback,0,7.818498,12.024849924,15.8,689.873417721519,C
Volkswagen,ID.3 Pro,160,59.0,216.0,310.0,136,365,7.6,110.0,0.0,385,5,RWD,C - Medium,4264,1809,1564,Hatchback,0,7.713576,12.064032864,11.8,525.4237288135594,C
Volkswagen,ID.3 Pro S,160,77.0,288.0,310.0,138,465,7.1,120.0,0.0,385,5,RWD,C - Medium,4264,1809,1564,Hatchback,0,7.713576,12.064032864,15.4,402.5974025974026,C
Volkswagen,ID.3 Pure,160,52.0,192.0,310.0,134,325,8.2,90.0,0.0,385,5,RWD,C - Medium,4264,1809,1564,Hatchback,0,7.713576,12.064032864,10.4,596.1538461538462,C
Volkswagen,ID.4 GTX,180,77.0,288.0,679.0,152,420,5.4,120.0,1200.0,543,5,AWD,JC - Medium,4584,1852,1631,SUV,0,8.489568,13.846485408000001,15.4,881.8181818181819,JC
Volkswagen,ID.4 Pro,180,77.0,288.0,545.0,149,445,6.7,120.0,1000.0,543,5,RWD,JC - Medium,4584,1852,1631,SUV,0,8.489568,13.846485408000001,15.4,707.7922077922078,JC
Volkswagen,ID.4 Pro 4MOTION,180,77.0,288.0,679.0,155,435,6.6,120.0,1200.0,543,5,AWD,JC - Medium,4584,1852,1631,SUV,0,8.489568,13.846485408000001,15.4,881.8181818181819,JC
Volkswagen,ID.4 Pure,160,52.0,192.0,310.0,143,285,9.0,87.0,1000.0,543,5,RWD,JC - Medium,4584,1852,1640,SUV,0,8.489568,13.92289152,10.4,596.1538461538462,JC
Volkswagen,ID.5 GTX,180,77.0,288.0,679.0,144,430,5.5,120.0,1200.0,549,5,AWD,JC - Medium,4599,1852,1615,SUV,0,8.517348,13.755517020000001,15.4,881.8181818181819,JC
Volkswagen,ID.5 Pro,180,77.0,288.0,545.0,138,460,6.7,120.0,1000.0,549,5,RWD,JC - Medium,4599,1852,1615,SUV,0,8.517348,13.755517020000001,15.4,707.7922077922078,JC
Volkswagen,ID.5 Pure,160,52.0,288.0,310.0,142,320,8.9,87.0,1000.0,549,5,RWD,JC - Medium,4599,1852,1615,SUV,0,8.517348,13.755517020000001,10.4,596.1538461538462,JC
Volkswagen,ID.7 GTX,180,86.0,312.0,560.0,145,500,5.4,145.0,1200.0,532,5,AWD,E - Executive,4961,1862,1536,Liftback Sedan,0,9.237382,14.188618752,17.2,651.1627906976744,E
Volkswagen,ID.7 Pro,180,77.0,288.0,550.0,132,475,6.5,125.0,1000.0,532,5,RWD,E - Executive,4961,1862,1536,Liftback Sedan,0,9.237382,14.188618752,15.4,714.2857142857143,E
Volkswagen,ID.7 Pro S,180,86.0,312.0,550.0,133,525,6.6,145.0,1000.0,532,5,RWD,E - Executive,4961,1862,1536,Liftback Sedan,0,9.237382,14.188618752,17.2,639.5348837209302,E
Volkswagen,ID.7 Tourer GTX,180,86.0,312.0,560.0,147,500,5.5,145.0,1200.0,605,5,AWD,E - Executive,4961,1862,1536,Station/Estate,0,9.237382,14.188618752,17.2,651.1627906976744,E
Volkswagen,ID.7 Tourer Pro,180,77.0,288.0,550.0,146,470,6.6,125.0,1000.0,605,5,RWD,E - Executive,4961,1862,1536,Station/Estate,0,9.237382,14.188618752,15.4,714.2857142857143,E
Volkswagen,ID.7 Tourer Pro S,180,86.0,312.0,550.0,125,520,6.7,145.0,1000.0,605,5,RWD,E - Executive,4961,1862,1536,Station/Estate,0,9.237382,14.188618752,17.2,639.5348837209302,E
Volvo,EC40 Single Motor (MY26),180,67.0,,420.0,151,360,7.3,110.0,1500.0,404,5,RWD,JC - Medium,4440,1873,1596,SUV,1,8.316120000000002,13.272527520000002,13.4,626.8656716417911,JC
Volvo,EC40 Single Motor ER (MY26),180,79.0,324.0,420.0,146,420,7.3,125.0,1500.0,404,5,RWD,JC - Medium,4440,1873,1596,SUV,0,8.316120000000002,13.272527520000002,15.8,531.6455696202531,JC
Volvo,EC40 Twin Motor (MY26),180,79.0,324.0,670.0,155,400,4.8,125.0,1800.0,404,5,AWD,JC - Medium,4440,1873,1596,SUV,0,8.316120000000002,13.272527520000002,15.8,848.1012658227849,JC
Volvo,EC40 Twin Motor Performance (MY26),180,79.0,324.0,670.0,155,400,4.6,125.0,1800.0,404,5,AWD,JC - Medium,4440,1873,1596,SUV,0,8.316120000000002,13.272527520000002,15.8,848.1012658227849,JC
Volvo,ES90 Single Motor (MY26),180,88.0,,480.0,135,485,6.9,190.0,1600.0,446,5,RWD,F - Luxury,5000,1942,1546,Liftback Sedan,1,9.709999999999999,15.01166,17.6,545.4545454545454,F
Volvo,ES90 Twin Motor (MY26),180,102.0,,670.0,146,530,5.5,225.0,2000.0,446,5,AWD,F - Luxury,5000,1942,1546,Liftback Sedan,1,9.709999999999999,15.01166,20.4,656.8627450980392,F
Volvo,ES90 Twin Motor Performance (MY26),180,102.0,,870.0,146,530,4.0,225.0,2000.0,446,5,AWD,F - Luxury,5000,1942,1546,Liftback Sedan,1,9.709999999999999,15.01166,20.4,852.9411764705882,F
Volvo,EX30 Cross Country (MY26),180,65.0,,543.0,152,330,3.7,114.0,1600.0,318,5,AWD,JB - Compact,4233,1837,1573,SUV,1,7.776020999999999,12.231681033,13.0,835.3846153846155,JB
Volvo,EX30 Single Motor (MY24-26),180,49.0,,343.0,147,275,5.7,80.0,1000.0,318,5,RWD,JB - Compact,4233,1837,1549,SUV,1,7.776020999999999,12.045056528999998,9.8,700.0,JB
Volvo,EX30 Single Motor ER (MY24-26),180,65.0,,343.0,138,365,5.3,113.0,1600.0,318,5,RWD,JB - Compact,4233,1837,1549,SUV,1,7.776020999999999,12.045056528999998,13.0,527.6923076923077,JB
Volvo,EX30 Twin Motor Performance (MY24-26),180,65.0,,543.0,145,340,3.6,113.0,1600.0,318,5,AWD,JB - Compact,4233,1837,1549,SUV,1,7.776020999999999,12.045056528999998,13.0,835.3846153846155,JB
Volvo,EX40 Single Motor (MY26),180,67.0,,420.0,154,345,7.3,110.0,1500.0,410,5,RWD,JC - Medium,4440,1863,1652,SUV,1,8.27172,13.66488144,13.4,626.8656716417911,JC
Volvo,EX40 Single Motor ER (MY26),180,79.0,324.0,420.0,152,400,7.3,125.0,1500.0,410,5,RWD,JC - Medium,4440,1863,1652,SUV,0,8.27172,13.66488144,15.8,531.6455696202531,JC
Volvo,EX40 Twin Motor (MY26),180,79.0,324.0,670.0,163,385,4.8,125.0,1800.0,410,5,AWD,JC - Medium,4440,1863,1652,SUV,0,8.27172,13.66488144,15.8,848.1012658227849,JC
Volvo,EX40 Twin Motor Performance (MY26),180,79.0,324.0,670.0,163,385,4.6,125.0,1800.0,410,5,AWD,JC - Medium,4440,1863,1652,SUV,0,8.27172,13.66488144,15.8,848.1012658227849,JC
Volvo,EX90 Single Motor (MY24-26),180,100.0,192.0,490.0,182,460,8.4,140.0,1200.0,310,7,RWD,JF - Luxury,5037,1964,1744,SUV,0,9.892668,17.252812992,14.285714285714286,490.00000000000006,JF
Volvo,EX90 Twin Motor (MY24-26),180,107.0,204.0,770.0,188,470,5.9,150.0,2200.0,310,7,AWD,JF - Luxury,5037,1964,1744,SUV,0,9.892668,17.252812992,15.285714285714286,719.6261682242991,JF
Volvo,EX90 Twin Motor Performance (MY24-26),180,107.0,204.0,910.0,188,455,4.9,150.0,2200.0,310,7,AWD,JF - Luxury,5037,1964,1744,SUV,0,9.892668,17.252812992,15.285714285714286,850.4672897196261,JF
Voyah,Free 106 kWh,200,100.0,,720.0,200,480,4.4,80.0,2000.0,550,5,AWD,JE - Executive,4905,1950,1645,SUV,1,9.56475,15.73401375,20.0,720.0,JE
XPENG,G6 AWD Performance,200,87.5,,660.0,159,475,4.1,180.0,1500.0,571,5,AWD,JD - Large,4753,1920,1650,SUV,1,9.12576,15.057503999999998,17.5,754.2857142857142,JD
XPENG,G6 RWD Long Range,200,87.5,,440.0,154,480,6.7,180.0,1500.0,571,5,RWD,JD - Large,4753,1920,1650,SUV,1,9.12576,15.057503999999998,17.5,502.85714285714283,JD
XPENG,G6 RWD Standard Range,200,66.0,,440.0,152,370,6.9,140.0,1500.0,571,5,RWD,JD - Large,4753,1920,1650,SUV,1,9.12576,15.057503999999998,13.2,666.6666666666667,JD
XPENG,G9 AWD Performance,200,93.1,,717.0,179,465,3.9,224.0,1500.0,660,5,AWD,JE - Executive,4891,1937,1670,SUV,1,9.473867,15.82135789,18.619999999999997,770.1396348012889,JE
XPENG,G9 RWD Long Range,200,93.1,,430.0,163,480,6.4,224.0,1500.0,660,5,RWD,JE - Executive,4891,1937,1670,SUV,1,9.473867,15.82135789,18.619999999999997,461.8689581095596,JE
XPENG,G9 RWD Standard Range,200,75.8,,430.0,165,395,6.4,170.0,1500.0,660,5,RWD,JE - Executive,4891,1937,1680,SUV,1,9.473867,15.91609656,15.16,567.2823218997362,JE
XPENG,P7 AWD Performance,200,82.7,,757.0,164,460,4.1,138.0,0.0,440,5,AWD,E - Executive,4888,1896,1450,Sedan,1,9.267648,13.4380896,16.54,915.3567110036275,E
XPENG,P7 RWD Long Range,200,82.7,,440.0,144,495,6.7,138.0,0.0,440,5,RWD,E - Executive,4888,1896,1450,Sedan,1,9.267648,13.4380896,16.54,532.043530834341,E
XPENG,P7 Wing Edition,200,82.7,,757.0,164,455,4.1,138.0,0.0,440,5,AWD,E - Executive,4888,1896,1450,Sedan,1,9.267648,13.4380896,16.54,915.3567110036275,E
Zeekr,001 Long Range RWD,200,94.0,110.0,343.0,152,505,7.2,135.0,1500.0,539,5,RWD,E - Executive,4955,1999,1560,Liftback Sedan,0,9.905045000000001,15.451870200000002,18.8,364.8936170212766,E
Zeekr,001 Performance AWD,200,94.0,110.0,686.0,159,480,3.8,135.0,2000.0,539,5,AWD,E - Executive,4955,1999,1560,Liftback Sedan,0,9.905045000000001,15.451870200000002,18.8,729.7872340425532,E
Zeekr,001 Privilege AWD,200,94.0,110.0,686.0,162,480,3.8,135.0,2000.0,539,5,AWD,E - Executive,4955,1999,1548,Liftback Sedan,0,9.905045000000001,15.333009660000002,18.8,729.7872340425532,E
Zeekr,7X Long Range RWD,210,94.0,,440.0,153,475,6.0,260.0,2000.0,539,5,RWD,JD - Large,4787,1930,1650,SUV,1,9.238909999999999,15.244201499999997,18.8,468.0851063829787,JD
Zeekr,7X Performance AWD,210,94.0,,710.0,173,450,3.8,260.0,2000.0,539,5,AWD,JD - Large,4787,1930,1650,SUV,1,9.238909999999999,15.244201499999997,18.8,755.3191489361702,JD
Zeekr,7X Premium RWD,210,71.0,,440.0,148,365,6.0,240.0,2000.0,539,5,RWD,JD - Large,4787,1930,1650,SUV,1,9.238909999999999,15.244201499999997,14.2,619.7183098591549,JD
Zeekr,X Core RWD (MY25),190,49.0,,343.0,148,265,5.9,70.0,1600.0,362,5,RWD,JB - Compact,4432,1836,1566,SUV,1,8.137152,12.742780032,9.8,700.0,JB
Zeekr,X Long Range RWD (MY25),190,65.0,,343.0,146,360,5.6,114.0,1600.0,362,5,RWD,JB - Compact,4432,1836,1566,SUV,1,8.137152,12.742780032,13.0,527.6923076923077,JB
Zeekr,X Privilege AWD (MY25),190,65.0,,543.0,153,350,3.8,114.0,1600.0,362,5,AWD,JB - Compact,4432,1836,1566,SUV,1,8.137152,12.742780032,13.0,835.3846153846155,JB
firefly,Unknown,150,41.2,112.0,200.0,125,250,8.1,65.0,0.0,404,5,RWD,B - Compact,4003,1885,1557,Hatchback,0,7.545655,11.748584834999999,8.24,485.43689320388347,B
